date,ticker,beta,market_cap,vol10,momentum
4/24/2015,X1288453D,0.02160281275736264,0.6090084994549926,-0.37147116417404297,0.9440351460886593
4/24/2015,X1396924D,0.02152761901268688,0.2197290598561996,-0.34419981100233077,0.09904120131491526
4/24/2015,X1396926D,0.00036057988645790326,0.2197290598561996,-0.325309622101543,0.07997036250038955
4/24/2015,X1477069D,0.30252664286603553,-0.20512867353065642,0.48368985865070274,-1.8872085329245274
4/24/2015,X9876566D,-0.05336535068437905,0.5742531822937337,-0.4265132663159937,-0.07663827257134878
4/24/2015,X9999900D,-0.0268219588138326,-0.05564196645925249,-0.43938899277365706,-0.26302877084823645
4/24/2015,AAL,0.19774415966035147,1.059129972088278,-0.21678874379563778,0.4685702739442411
4/24/2015,AAN,-0.059230462769089054,-0.17905861089126318,0.6073011752164329,0.35278244587140734
4/24/2015,AAP,-0.06325332810924267,0.12898987620683833,-0.24633994735192766,-0.08310006759214475
4/24/2015,ABMD,0.008481504311440978,-0.1627330478357781,-0.2567621205385692,2.567719477631319
4/24/2015,ACAD,0.04194272069215817,-0.125810365431122,-0.1311532207787329,0.6297888257682471
4/24/2015,ACC,-0.0900974949584922,-0.09341914366732719,-0.50876158304724,0.0727177721707355
4/24/2015,ACHN,-0.028776996175402584,-0.22246631864526742,-0.2604315940146993,-0.2625749770235328
4/24/2015,ACIIQ,0.3136177202057115,-0.25741819184706155,0.44471527350482454,-2.018179469825188
4/24/2015,ACIW,-0.008737863219310145,-0.17175560379705346,-0.42590530621343964,0.03297461976983808
4/24/2015,ACM,0.14616125081277395,-0.07824065869592899,-0.3255918892920146,-0.47777043737644903
4/24/2015,ACOR,-0.10840717178704194,-0.21421543385676972,-0.06573237117175156,-0.1840924489395211
4/24/2015,ACTG,0.10145856960302928,-0.2448030824649618,0.8376963412236277,-1.3000341710762269
4/24/2015,ACXM,0.157214731280112,-0.21398426912443116,-0.15030396400918672,-0.1480952310132763
4/24/2015,ADI,0.02889660599091218,0.4414657693463807,-0.2570009620074297,0.412813028869647
4/24/2015,ADP,0.010699719779376086,1.1995667003171537,-0.3737510145586208,0.05583810845151112
4/24/2015,ADS,-0.004714997879156529,0.4286705503977669,-0.3206196441675543,-0.13221844433253346
4/24/2015,ADT,0.1515752004294293,-0.011196335296116387,-0.19928817798640205,0.10427023519634492
4/24/2015,ADTN,-0.0935188103412397,-0.2344587871556837,0.667532651090899,-0.32456269782314046
4/24/2015,ADXS,-0.2816535595200137,-0.24223616293981895,1.554546440717318,2.9999999999999996
4/24/2015,AEE,-0.10622655319144467,0.10710410996279536,-0.482489021472581,-0.17103174420236678
4/24/2015,AEL,0.03464892745860854,-0.18443837805043495,-0.15516764482961945,0.2659945308927262
4/24/2015,AEO,-0.04174791713197273,-0.1440229600617686,-0.325657027874431,0.9939144304887138
4/24/2015,AEP,-0.11100135597835598,0.7632776445685651,-0.3700164025000742,-0.25297065666070223
4/24/2015,AERI,-0.13404823872147917,-0.25413868367425296,2.9999999999999996,0.3517644108432789
4/24/2015,AF,0.012053207183539945,-0.21783980289815874,-0.3768125279321967,-0.1658046120943559
4/24/2015,AFFX,0.04934930454272135,-0.2305394697914866,-0.39859052732011646,1.1248281862291212
4/24/2015,AFL,-0.007835538283200933,0.7554216927984909,-0.5445226647939039,0.02859816208514827
4/24/2015,AFMD,0.7083848797534986,-0.2551684817852358,2.9999999999999996,0.8174002701429974
4/24/2015,AGIO,-0.008888250708661708,-0.12085551871885478,0.40949701327829824,0.7297169421227666
4/24/2015,AGNC,-0.20051950901485896,0.010793046636152308,-0.5663006641818237,-0.24505055153602082
4/24/2015,AIRM,-0.11043740289328773,-0.19754216607835212,-0.2601493268242277,-0.07504158972957096
4/24/2015,AIV,-0.07464518042762167,-0.0460969719638238,-0.379157516899191,0.13712093140490178
4/24/2015,AKRX,-0.06445642802405496,-0.03708740922485631,-0.008931527304555124,-0.37366246101137607
4/24/2015,ALGN,0.22368600157349175,-0.09206986898974898,0.031410968072070014,0.06069836471087322
4/24/2015,ALK,0.06848611256270462,0.058863039585946984,-0.08809661780141993,0.6785557133627332
4/24/2015,ALNY,0.014534600757840382,0.0972177404967868,-0.01839833461575454,0.5694206533336909
4/24/2015,ALSN,0.06901246877543495,-0.056412705399162134,-0.41292101545174853,-0.2279407196131782
4/24/2015,ALTR,-0.04471807004666561,0.18121926731694105,-0.10168886866566491,-0.043995269589196216
4/24/2015,ALV,-0.03738667994077815,0.11650708585414862,-0.2300553017478002,0.5923261107017179
4/24/2015,AMAG,0.05175550437234602,-0.1989090878878476,-0.052053268864284526,1.9667812789357004
4/24/2015,AMAT,0.08514152700838745,0.7062463691112149,-0.11528111952991006,0.19666142758766436
4/24/2015,AMBA,0.1464244289191392,-0.18339656973312563,-0.25378745860821517,1.584202599080508
4/24/2015,AME,0.09833802919898488,0.19291711396742128,-0.40351934672296563,-0.14492776479669597
4/24/2015,AMTD,0.045589617308932975,0.44007133397150133,-0.3227257916656881,0.2679255167468325
4/24/2015,AN,0.0288590091185743,0.002655281232822499,-0.365521840313335,0.09461715241363039
4/24/2015,ANAC,-0.17905169490992692,-0.16376557735279054,0.11791500552119485,2.6832281984487145
4/24/2015,ANET,-0.11145251844641059,-0.10535773854912352,-0.20877669815840702,-0.6165580873347662
4/24/2015,ANF,0.0775093619237969,-0.20769445406311232,0.29530907830215647,-1.2992583192959042
4/24/2015,AOS,-0.011031272431921096,-0.04936838385740541,-0.37729021086991776,0.3856141328665384
4/24/2015,APD,0.03103962771417161,0.9009768981858393,-0.48604993064468355,0.2847682560608357
4/24/2015,AR,0.0661175096054179,0.1622679887730556,-0.0106902690298008,-1.1841844058158149
4/24/2015,ARG,-0.03817621425987372,0.02213175873581284,-0.5797409250204302,-0.01619307926396814
4/24/2015,ARI,-0.1466431909546705,-0.22875889775890296,-0.5717505922440049,-0.003441833477238685
4/24/2015,ARPI,-0.15213233431600162,-0.24302401578895488,-0.4473358998284712,-0.2762908606394954
4/24/2015,ARRS,0.14616125081277395,-0.07774414856854749,1.6565968865031833,-0.16509520006844758
4/24/2015,ASNA,-0.042199079600027375,-0.17473046769975392,-0.2230637605684281,0.18906734557034746
4/24/2015,AST,-0.243793509075764,-0.24805304574784928,1.564946901043154,2.5334434428589767
4/24/2015,ATI,0.17902091723608504,-0.12826611709359886,0.9254814374602776,-0.4063895102832687
4/24/2015,ATO,-0.10532422825533541,-0.06165200283921816,-0.4402792200666827,-0.08912679343119216
4/24/2015,ATU,-0.013663053495573013,-0.21375215039503317,-0.22408426502628684,-0.7884863547249313
4/24/2015,ATW,0.11074499707048673,-0.19799605829146913,0.5506957470964857,-1.1374426710410064
4/24/2015,AVGO,0.03953652086253349,0.8468641935499513,0.12132392466765896,1.296952270051904
4/24/2015,AVT,0.08841245490178337,-0.051197693169421965,-0.09256946712735359,-0.034828089998670396
4/24/2015,AXL,0.09905236977340469,-0.19877041371452817,-0.3178186851236443,0.7770712957491973
4/24/2015,AZO,-0.10235407534064253,0.5424419435863401,-0.47104634382808086,0.4368702041313209
4/24/2015,BBBY,-0.08032230815064223,0.22290440098126524,-0.4576929344326964,0.22095417071486534
4/24/2015,BBG,0.3132041546099948,-0.247196838828035,1.1427186098193374,-1.486345306369
4/24/2015,BC,0.014384213268488778,-0.07914096712239298,-0.24330014683915718,0.2383671738515965
4/24/2015,BCC,-0.035469239451546036,-0.21172661876008392,-0.2977560017393594,0.08241226113327536
4/24/2015,BCEI,0.3014363335682369,-0.2210015631677468,1.0345451372863204,-1.6103703810307914
4/24/2015,BCO,-0.004564610389805008,-0.21828516717558458,-0.3295870556802271,0.6760618566069868
4/24/2015,BCR,-0.033589395834651814,0.2069622975879334,-0.46585697009556554,-0.10399163363473306
4/24/2015,BCRX,-0.042349467089378895,-0.23816156895157564,0.07357734375635734,-0.5977098686114722
4/24/2015,BDN,-0.014076619091289738,-0.16756435736989356,-0.30954608515674764,-0.16108483364793444
4/24/2015,BEAV,0.04543922981958137,-0.028594564665050698,-0.25092136098188883,0.3000351878769369
4/24/2015,BECN,0.08529191449773897,-0.2099995467375,-0.26883447114642905,-0.06474799833240759
4/24/2015,BEL,0.0431834174793083,-0.2164659999767933,-0.48387864456413326,-0.06129392796962873
4/24/2015,BERY,-0.04287582330210926,-0.11531771088332002,-0.36196093114123246,0.9070148493955628
4/24/2015,BGG,0.035288074288352594,-0.23296223782178993,-0.047341578069490346,-0.20610380539485887
4/24/2015,BGS,-0.18705982871789634,-0.2032760874158622,0.09626728329810827,-0.2630865673570883
4/24/2015,BIG,-0.1099486435528952,-0.1723026975327776,-0.3838040691115687,0.17890220975940532
4/24/2015,BJRI,0.047018298457772514,-0.21809241624119144,0.5626812462611237,0.4610686434291222
4/24/2015,BLOX,-0.04340217951483967,-0.21496937084086418,-0.22666809546214173,1.3409425562221078
4/24/2015,BLUE,-0.4841503139318596,-0.10336219434265537,-0.10544519358501701,2.9999999999999996
4/24/2015,BMS,-0.07543471474671724,-0.10433315658936305,-0.2688996097288456,0.5880309670884685
4/24/2015,BNCL,-0.1567943464858993,-0.22981014448058001,-0.37134088700920986,-0.36949408782135207
4/24/2015,BOH,-0.03419094579205794,-0.17016818533640515,-0.4302478783745402,0.07156365932437511
4/24/2015,BPFH,0.04363457994736295,-0.22598783374513215,-0.04894832976909762,-0.2871838520197351
4/24/2015,BRCM,0.07002758432855788,0.6990456972452995,0.08399951694299883,0.059266828926979306
4/24/2015,BRKL,-0.08005913004427702,-0.23746926815772562,0.018100984398296528,0.024833603640878273
4/24/2015,BRKR,0.02370823760828419,-0.14610027233559136,-0.37338189592492715,-0.41922879301110744
4/24/2015,BRX,-0.16495286778322021,0.00028708691263140495,-0.49727547968112873,-0.021987373618494746
4/24/2015,BURL,0.03385939313951297,-0.11670240678251645,-0.38204532738632296,1.114969469365451
4/24/2015,BWA,0.07292254349857501,0.23512811402605543,-0.6059917737342836,-0.028253211108982462
4/24/2015,BXP,-0.08197657053350917,0.5018065331502901,-0.5259147430835875,0.22341742032645157
4/24/2015,BXS,0.0488605452023289,-0.18048875042224996,-0.31940372396244615,-0.09474385807764751
4/24/2015,BYD,0.09247291711427487,-0.21204285608951537,-0.28650873984210873,0.6422471542171582
4/24/2015,BZH,0.15932015613103356,-0.2477517567905928,0.10736255516972035,-0.4502500974617005
4/24/2015,CA,0.06341053479709019,0.25239906640327037,-0.3336690735116617,0.1676292649462204
4/24/2015,CAA,0.035438461777704114,-0.1829539441164598,0.2536855241380069,0.29055168247568036
4/24/2015,CAB,-0.14562807540154762,-0.12465682700953364,0.3756032375609075,0.4833784457885702
4/24/2015,CAG,-0.12374669570089884,0.31584802517419364,-0.5685153759839849,-0.15768320686878348
4/24/2015,CAKE,-0.1279575454027419,-0.1720692439329694,-0.1895173906239256,0.05066615450001296
4/24/2015,CALA,-1.8096280482039775,-0.25663514525687536,1.8049825772479924,1.0680376352570184
4/24/2015,CAM,0.0837880396042236,0.10129408650244352,0.46823030175718455,-1.0203524271327669
4/24/2015,CARA,0.15401899713139186,-0.25484164529455827,0.5615521774992374,0.13961224020393645
4/24/2015,CAVM,0.038183033458369715,-0.1344033216443266,0.38081432415422833,1.017529500019133
4/24/2015,CBI,0.18657788857599983,-0.07232444049066208,0.1964938487763113,-0.667010269346132
4/24/2015,CBM,0.05431209169132214,-0.21403612231060962,-0.15903253405299914,2.0954848488244586
4/24/2015,CBOE,-0.12825832038144497,-0.09133866107628022,-0.4697001464581396,-0.09405993009353335
4/24/2015,CBRL,-0.12077654278620595,-0.14206684531551447,-0.21856919838168898,0.8868179449643404
4/24/2015,CBSH,-0.005993291538644586,-0.11586398120713355,-0.5026602691608936,-0.1682435343150569
4/24/2015,CCE,0.03134040269287474,0.11829637444541623,-0.3930971735363242,-0.21439885416345428
4/24/2015,CCI,-0.09163896672434546,0.7755748915616034,-0.5361849262445906,0.17146922182603616
4/24/2015,CCOI,-0.054455659982177704,-0.2074768157757727,-0.1287430932293221,0.005324984210360474
4/24/2015,CDK,0.14894341936577743,0.021716686585548633,-0.41847950781795745,1.1280132852607674
4/24/2015,CDNS,0.010925301013403452,-0.06382710525268308,-0.23396361669279078,-0.11228632331948389
4/24/2015,CE,0.04186752694748241,0.10067033202962976,0.9910542770928973,-0.28563937018827773
4/24/2015,CEMP,-0.16314821791100179,-0.20367136503398398,-0.17234251772677253,2.9999999999999996
4/24/2015,CENX,0.13879226383454857,-0.22323650259829456,-0.13408445698747587,-1.753955668525386
4/24/2015,CF,-0.02197196228224549,0.24625039937836818,-0.2961926757613631,0.2941154575006188
4/24/2015,CFFN,-0.15036528131612104,-0.20312027031439445,-0.5053309510399705,-0.10383513515367192
4/24/2015,CFG,-0.039379314174686014,0.24222503599123116,-0.3301733029219757,0.040542005522106093
4/24/2015,CFR,-0.03129598662204086,-0.1047898636379103,-0.28253528631470154,-0.5477000305291537
4/24/2015,CFX,0.07656944011534973,-0.04836299428715667,-0.24933632214308707,-0.48414361683624624
4/24/2015,CGNX,0.014008244545109974,-0.11595748017369079,-0.11651875259582371,0.581786958346311
4/24/2015,CHS,-0.08148781119311664,-0.16694657354027326,-0.35583790439408053,0.4893923225636795
4/24/2015,CIE,0.03555125239471776,-0.11141789060731526,0.07952666761706524,-0.8818625609019967
4/24/2015,CIEN,0.14755233508927568,-0.1782859893487913,0.14538177444015649,0.5912476128039971
4/24/2015,CIM,-0.1616819398898243,-0.14942019661196068,-0.5960472834853631,-0.032622725533143375
4/24/2015,CINF,-0.021483202941853005,0.04780411342237008,-0.4529161050554856,0.05352559837417541
4/24/2015,CJESQ,0.14984574430188663,-0.20165813016721554,1.197934414847732,-1.4000185092089648
4/24/2015,CL,-0.08419478600144432,2.01054789142605,-0.4552828068832855,-0.04961662294659924
4/24/2015,CLB,0.06965161560517899,-0.07032538136727147,0.6937617869439469,-1.0677218278099894
4/24/2015,CLDX,0.09059307349738069,-0.15783980466746814,0.255379127280836,2.312867506640854
4/24/2015,CLI,-0.12705522046663265,-0.20497191694159023,-0.38460744496137245,-0.11966428687494478
4/24/2015,CLVS,0.05367294486157809,-0.15180411918785444,0.6619958715854954,0.8303984127697732
4/24/2015,CLX,-0.14532730042284453,0.2544315843436816,-0.5849302987529454,0.17722792426575706
4/24/2015,CMC,0.11397832809154478,-0.19580608368049943,-0.23209631066351755,-0.5213557236522643
4/24/2015,CMG,-0.11611453061630825,0.45257655232350136,0.19575561150892404,0.03972209284898609
4/24/2015,CMI,0.07149386234973538,0.6323468150925063,-0.4275337707738523,-0.25723491859058484
4/24/2015,CMO,-0.18630789127113864,-0.22376363131570978,-0.6019748944852654,-0.3182810226954846
4/24/2015,CMS,-0.11055019351030138,0.08765735146325801,-0.5032248035418366,-0.009757217104818737
4/24/2015,CNK,-0.08381881727806548,-0.08244188400487809,-0.4966675195785747,0.48213971726968446
4/24/2015,CNP,-0.08453315785248533,0.06292545288169725,-0.18721582737854223,-0.6036855520446454
4/24/2015,CNW,0.08694617688060588,-0.17415982148149345,-0.28967881751971214,-0.03626229144058797
4/24/2015,CNX,0.08920198922087895,-0.014884473418513951,0.43542216908006903,-1.0139067378346267
4/24/2015,COG,-0.09607539766021585,0.23018168642852208,-0.21833035691282848,-0.4407346919618515
4/24/2015,CONN,0.24293560021048866,-0.22468501836161298,-0.00951777454630358,-0.5197894730061052
4/24/2015,COST,-0.06475720300275804,2.098552469709719,-0.40208629790980255,0.3718054287358197
4/24/2015,COTY,-0.03152156785606814,0.057651495966724496,-0.0970857421748983,0.9414480215340066
4/24/2015,CPA,0.07371207781767057,-0.08476315835562404,-0.38634447382581266,-0.4194637041160648
4/24/2015,CPB,-0.0816381986824682,0.25273541384562054,-0.548800098372588,-0.035556691944197534
4/24/2015,CPHD,0.024685756289069164,-0.11247069346868246,0.6071708980515997,0.06756951203922483
4/24/2015,CPN,-0.02840102745202374,0.04244637525233169,-0.33379935067649474,-0.382676067154606
4/24/2015,CPT,-0.0874281170225024,-0.013375398792428935,-0.4981005683917379,-0.15587708961879437
4/24/2015,CREE,0.08980353917828511,-0.1392233682093561,0.4276489649116988,0.3753395489221724
4/24/2015,CRI,-0.10310601278740023,-0.08569096583801099,-0.48142509129311134,0.2896925041018482
4/24/2015,CROX,-0.047988997940061576,-0.22911818103169782,-0.15714351516292027,-0.08989678909974172
4/24/2015,CRR,0.1094667034109987,-0.23868454070842002,1.6102399286834337,-1.1568690690321457
4/24/2015,CRS,0.15751550625881505,-0.1855725572237103,-0.3285014126399519,-0.888095221598628
4/24/2015,CRUS,-0.03193513345178491,-0.18851824622774463,-0.2013291869021194,2.186186739503981
4/24/2015,CSH,-0.05028240715267253,-0.23924127235360035,0.07833246027276257,0.24267044439492827
4/24/2015,CSOD,0.04010047394760178,-0.20808708370460519,-0.02931990360092268,-0.709387323138028
4/24/2015,CSX,0.040363652053967025,1.0649303757759998,-0.07194224936212544,-0.247988559769198
4/24/2015,CUBE,-0.08261571736325318,-0.12213849604184862,-0.39839511157286694,0.24594000034834282
4/24/2015,CUDA,0.02291870328918862,-0.17752165633590447,-0.10244881879385753,0.31535459978887576
4/24/2015,CVA,-0.13367226999810033,-0.1637013947521441,-0.3158862405119546,-0.22921715829280698
4/24/2015,CVBF,0.04848457647895001,-0.20448982196369267,-0.285271106776195,-0.07758212074715488
4/24/2015,CVG,0.028445443522857616,-0.18197069961103227,-0.35273296529889364,0.13242778043955028
4/24/2015,CVLT,0.06122991620149287,-0.18836563934451878,-0.34235421783386305,-0.09427076635429936
4/24/2015,CVS,-0.03907853919598293,2.9999999999999996,-0.542025685801271,0.5157214614988022
4/24/2015,CVTI,0.023520253246594704,-0.24299274427317705,0.528049233276346,2.2710079367669382
4/24/2015,CXO,0.052469844946765834,0.2824666451468142,-0.22262950335231804,-0.24412597559711627
4/24/2015,CYT,-0.019264987473917812,-0.11854758581748022,-0.3064845717831717,0.20376899342772
4/24/2015,DAL,0.06028999439304578,1.1257160395545838,-0.3601370508335702,0.28802997953984044
4/24/2015,DAR,-0.00554212907058998,-0.18242182777183258,-0.4633599911029327,-0.7761009596046324
4/24/2015,DATA,0.03510008992666319,-0.0011708563729589442,0.41381787257859337,0.24447982784829567
4/24/2015,DCI,0.018331884863966717,-0.08027077169318274,-0.49573386656393803,-0.45170171063521114
4/24/2015,DCT,-0.0353564488345324,-0.155528400377554,-0.39324916356196266,-0.12991109766413128
4/24/2015,DECK,0.0008493392268503479,-0.17124538222904556,-0.08933425086733367,-0.7481781864631041
4/24/2015,DENN,-0.11032461227627405,-0.229417453173878,-0.2915026978273745,0.9269627307779961
4/24/2015,DF,-0.045169232514720214,-0.2079365698111258,-0.3049646715267864,0.07497675395491832
4/24/2015,DFS,0.03690473979888161,0.6795577536407694,-0.33180176748238843,-0.33767317548323833
4/24/2015,DFT,-0.14258272874217895,-0.1695397044066771,-0.5148411840727809,0.01759021694097083
4/24/2015,DG,-0.05896728466272385,0.5786048670856835,-0.4102286207118663,0.44589923311601515
4/24/2015,DHI,0.0740504496687115,0.08798540674865789,0.14093063797502836,0.3709638171803038
4/24/2015,DIS,0.03107722458650949,2.9999999999999996,-0.4439269806820073,0.4270269315884173
4/24/2015,DISH,0.006000110737140541,0.9057849889550212,-0.5440666947169883,0.3642689511876804
4/24/2015,DKS,-0.09355640721357757,-0.022593654736041642,-0.2815364947176484,0.6813644802393135
4/24/2015,DLB,-0.084307576618458,-0.11399812619027282,0.2370100470393802,-0.33990351103523636
4/24/2015,DLTR,-0.04659791366355984,0.3402366952015343,-0.3613963967602894,0.9735860769655291
4/24/2015,DNKN,-0.1570575245922645,-0.07575912372129007,0.36125103656846985,0.036330159130013376
4/24/2015,DNOW,-0.15611760278381737,-0.17617480473830996,0.11587399660547769,-0.9730662517976845
4/24/2015,DO,0.00043577363113366397,-0.1170029303657062,0.17273997905509056,-1.0034617627562754
4/24/2015,DORM,-0.06802813089615402,-0.20260700175958068,-0.26577295777285304,-0.16117228692968943
4/24/2015,DPS,-0.05641069734374769,0.28308857142754434,-0.3899053829979151,0.24105700744332925
4/24/2015,DPZ,-0.07644983029984014,-0.037211729913900995,0.4396561769371422,0.2689263591678526
4/24/2015,DRC,-0.051523103939822706,-0.03562278795984978,-0.6300061977851702,-0.1708147117733564
4/24/2015,DRI,-0.08543548278859454,0.040398546203220954,-0.3005786736440748,0.587270384236913
4/24/2015,DRQ,0.07029076243492305,-0.161704120292454,0.19006684197788218,-0.9794147194089787
4/24/2015,DSW,-0.13600327608304916,-0.13999256914640185,-0.07363585250495476,0.6820085861462354
4/24/2015,DTLK,0.06168107866954752,-0.2552229176554688,-0.3307812630245298,-0.32149767105925003
4/24/2015,DXCM,0.11258724381504312,-0.06592272121153249,-0.1876717974554578,0.9203070771301546
4/24/2015,DY,0.059914025669666894,-0.2049160591441812,-0.24762100613945237,1.1480680347349463
4/24/2015,DYAX,-0.041710320259634844,-0.1219726529028435,-0.27712878397413127,1.1198719874047363
4/24/2015,DYN,-0.036484355004668935,-0.10951422393513978,0.09242410693553421,-0.5242449833595978
4/24/2015,EA,-0.0023839917942076964,0.40816616826845165,-0.24108543503699584,0.965511493098533
4/24/2015,EAT,-0.07009595887473764,-0.13351007207062957,-0.2259515710555601,0.3119528877223705
4/24/2015,ED,-0.16675751765543867,0.39864109163558364,-0.5407446270137463,-0.20595331529424077
4/24/2015,EEFT,0.08311129590214167,-0.15354645153602445,-0.25930252525281305,-0.17026894589600006
4/24/2015,EFX,-0.038364198621563116,0.15979684619984383,-0.1376670790203839,0.5480063643139274
4/24/2015,EHTH,0.5067904502777619,-0.25659545099899844,1.2159778021771053,-2.0122515082490438
4/24/2015,ELGX,0.002353214120365729,-0.22359548842713928,-0.4890245925750375,1.1355809261722922
4/24/2015,ELS,-0.09833121000048892,-0.09681253297200515,-0.4026074065691346,0.23602984478599914
4/24/2015,EMN,0.09032989539101552,0.14247009769042904,-0.235179536897899,-0.5476556441490184
4/24/2015,ENTG,0.036942336671219496,-0.19610720940631984,-0.17379727940074133,-0.23459078739753228
4/24/2015,EPE,0.2924130842071446,-0.14581048575352704,0.5852191957772359,-1.2164844753251154
4/24/2015,EQC,-0.16833658629362983,-0.1430111065266531,-0.4135289755543028,-0.2634119081027083
4/24/2015,EQR,-0.11404670263772462,0.7448114608336349,-0.5036156350363357,0.22167740482990503
4/24/2015,EQY,-0.09156377297966971,-0.14425988505011633,-0.5988699553900785,0.24213643057938036
4/24/2015,ESNT,-0.1502524906991074,-0.17878139312977306,-0.4736084614031302,-0.15827857776230395
4/24/2015,ESPR,0.11698607787857562,-0.18022863568789044,0.5208188506281134,2.9999999999999996
4/24/2015,ESRT,-0.11912228040333905,-0.19247525554420336,-0.4215627340523389,0.2840268245895432
4/24/2015,ESRX,-0.08577385463963551,2.0435537484664326,-0.48748297945784685,0.04606294788576765
4/24/2015,ESV,0.14251435419599914,-0.061017986550126115,0.5737765181327358,-1.6639019292244692
4/24/2015,ETFC,0.10367678507096446,0.03081377402051467,-0.10648741090368122,0.6639731743315582
4/24/2015,ETH,0.06322255043540079,-0.2387699180041935,0.08404294266460989,-0.21634565726426294
4/24/2015,EV,0.09833802919898488,-0.08038676032425948,-0.3014906137979059,0.3596413994742165
4/24/2015,EVER,-0.05738821602453271,-0.18211485110587178,-0.4662478015900646,-0.3301757823889293
4/24/2015,EVR,0.143867841600163,-0.18946856513884253,-0.22692864979180777,-0.16850145077918283
4/24/2015,EWBC,0.02953575282065623,-0.05089892160364558,-0.4453166037735595,0.21735351544161416
4/24/2015,EXAS,-0.13761994159357818,-0.19466760245204337,0.41073464634421186,-0.1453205520289315
4/24/2015,EXPD,-0.037273889323764506,0.0566764420520204,-0.36248203980056454,0.2829905730274051
4/24/2015,EXPR,-0.010880884942569575,-0.21152151664703128,-0.1970300404626298,0.12709961747743145
4/24/2015,EXR,-0.09156377297966971,0.020244368051492045,-0.49625497522327017,0.26770805394226654
4/24/2015,FANG,0.18236703887415673,-0.0948063243117165,-0.15442940756223236,-0.0840392548479982
4/24/2015,FAST,0.023069090778540143,0.17852852767915728,-0.13725453466507928,-0.35383240966256563
4/24/2015,FCS,0.06961401873284111,-0.18662663691764378,0.2881004085147294,0.6028794530061218
4/24/2015,FDO,-0.18311215712241843,0.06435203034001344,-0.6043198834522598,-0.10055011380746787
4/24/2015,FE,-0.10460988768091561,0.2905832992844177,-0.22254265190909617,-0.3181289003016424
4/24/2015,FEYE,0.1675538711730302,-0.01588847008050857,-0.026301815948957665,0.6081175851110081
4/24/2015,FFIV,0.036791949181867976,0.05480323799317311,-0.2714617273038949,-0.41465974897592506
4/24/2015,FHN,0.012692354013283995,-0.14507621271642618,-0.36580410750380654,0.30566837023754945
4/24/2015,FISV,0.00998537920495636,0.41913718160794877,-0.4435795749091192,0.2191313704137247
4/24/2015,FITB,0.038972567777465286,0.31244373926431945,-0.2665980464834622,-0.26625266310592083
4/24/2015,FIVE,-0.06761456530043729,-0.19421829522859613,-0.32752433390370433,-0.8382781480265328
4/24/2015,FL,-0.062426196917809214,0.043374476551303436,-0.3329308362442746,0.1718302815367003
4/24/2015,FLIR,0.03314505256509316,-0.11049273472892247,-0.2745883792598873,-0.34214633957667
4/24/2015,FLR,0.1374011795580469,0.05687683584498491,-0.19225321108541904,-0.5833370007211807
4/24/2015,FLT,0.09126981719946262,0.2741599787355776,-0.335232399489658,-0.19077110842583922
4/24/2015,FLTX,-0.07795370519335551,-0.2007354953076681,-0.07487348557086841,0.4465604062715246
4/24/2015,FLWS,0.04483767986217529,-0.23886145456615313,-0.05887110715721255,1.844894035881743
4/24/2015,FMER,-0.018550646899498,-0.15156104218805105,-0.31516971610537303,0.11266810774538094
4/24/2015,FNB,-0.006519647751374953,-0.18245093737792437,-0.3560550330021356,0.05423867337261344
4/24/2015,FNSR,0.07100510300934285,-0.1862845763750326,-0.21633277371872212,0.9677594771478002
4/24/2015,FOLD,0.254891405613936,-0.22254034954255428,0.09657126334938523,1.7410347667675234
4/24/2015,FOSL,-0.027197927537211442,-0.11434971944874807,-0.2885280358970204,-0.8100396297674832
4/24/2015,FR,0.012466772779256712,-0.18443240015251106,-0.4537629066269003,0.08088381717435822
4/24/2015,FRAN,-0.018851421878201085,-0.23776497097250465,-0.0369411177436543,0.7540740575654888
4/24/2015,FRC,-0.0071211977087811225,0.03706440628245611,-0.4344818862316133,0.2479094578845425
4/24/2015,FRGI,-0.05874170342869652,-0.2119485736120652,0.28879522006050556,0.4198224861223079
4/24/2015,FRO,-0.20995632397166797,-0.2543213070048818,0.5548863292319478,2.192854757234415
4/24/2015,FSP,-0.11972383036074517,-0.21990141956256604,-0.6178252828732828,0.043872332995881044
4/24/2015,FULT,-0.0070836008364432,-0.18684580595311687,-0.3162770720064536,0.026403382929784544
4/24/2015,GAS,-0.10660252191482351,-0.041712024232576556,-0.3157559633471215,-0.4729637327163238
4/24/2015,GATX,0.08168261475330205,-0.17596544772582484,0.18370497376186976,-0.42773149346099687
4/24/2015,GBNK,-0.1279575454027419,-0.2529482440660264,0.2517530795263171,0.15311121926618024
4/24/2015,GES,-0.015956462708183964,-0.20739574416254514,-0.188757440495733,-0.7901427442088664
4/24/2015,GIMO,0.1927437756394129,-0.22956138339943757,2.0247818671821016,1.2185262858858197
4/24/2015,GIS,-0.07622424906581281,0.9537038694960711,-0.5955044619652254,-0.10509725340939019
4/24/2015,GLF,0.1912399007458975,-0.25273644946409657,1.8639981329173498,-1.7834681944653423
4/24/2015,GLNG,0.16334302147118718,-0.14612681013972437,-0.05444168355288987,-1.3192823848239676
4/24/2015,GLOG,0.06856130630738037,-0.19806106067666102,0.4609130676657297,-0.4425776612650264
4/24/2015,GNC,-0.0525382194929456,-0.11520389504402509,-0.15840286108963947,0.21797032146966144
4/24/2015,GNRC,0.038897374032789526,-0.14969981931660828,-0.1914281223748099,0.07569494706397481
4/24/2015,GNTX,0.10318802573057202,-0.07365428699998762,-0.32654725516745664,0.13883721586079695
4/24/2015,GOGO,0.15315426906762045,-0.19836670247221158,0.3736925058100232,0.5254639298980202
4/24/2015,GPRE,0.18481083557611921,-0.2216378284232908,-0.31167394551568695,-0.695167828282544
4/24/2015,GPRO,-0.023663821537450315,-0.051029851352166776,0.048325286639556965,-1.6588403821840016
4/24/2015,GPS,-0.0006169387943270694,0.3567413594159953,-0.5154491441753349,0.14728117400092505
4/24/2015,GSM,0.0070528231626013575,-0.2087312094606353,-0.23285626079171015,-0.22527646386085867
4/24/2015,GT,0.17037363659837157,0.006079706274537373,-0.49621154950165913,-0.0018473158595804285
4/24/2015,GWW,0.033408230671458324,0.33653564365886424,-0.4135506884151082,-0.3214033324632734
4/24/2015,GXP,-0.0998350848940043,-0.11507395556621579,-0.5326240170724881,-0.21693285867686313
4/24/2015,HA,0.12973141760111848,-0.21852439916822822,0.49146306281907304,0.23823369591733798
4/24/2015,HAE,-0.09212772606473796,-0.1843962244389219,0.04865097955163953,0.4249353207706667
4/24/2015,HALO,0.06216983800993997,-0.18768510935088906,0.07377275950360687,1.93438615448511
4/24/2015,HCC,-0.0685168902365465,-0.06437485554151659,-0.5902499496502936,0.13739561802443215
4/24/2015,HCSG,-0.035469239451546036,-0.18223251557969175,-0.11135109172411387,0.2325559669628563
4/24/2015,HEES,0.21248213361680224,-0.23404239827183557,0.7006013380976803,-1.2914096084539717
4/24/2015,HFC,0.052958604287158276,0.016124279648344914,-0.29858109044996844,-0.5032458030279088
4/24/2015,HI,0.008255923077413612,-0.19655599066180654,-0.41769784482895933,-0.42786208488643
4/24/2015,HIG,0.05637991966990581,0.3748522390978045,-0.4208462096457573,0.08578134306192395
4/24/2015,HLF,0.18195347327843997,-0.1280173378756302,0.555581140777724,-1.1367335874200581
4/24/2015,HLX,0.14612365394043605,-0.2025116383272875,0.2683851309033324,-1.7046859792375444
4/24/2015,HMHC,-0.09972229427699061,-0.13965267414084198,-0.11895059300604004,0.17809193791081188
4/24/2015,HMSY,0.06905006564777283,-0.20991802170361681,0.31107261524695196,-1.0214248843721967
4/24/2015,HNI,0.08375044273188571,-0.18142539416637393,0.7414649421336376,0.1978793003296266
4/24/2015,HNT,-0.08814245759692221,-0.10273892956414976,-0.13990350368335067,0.5153966621046281
4/24/2015,HOLX,-0.0925788885327926,0.07974703637025578,-0.35364490545272476,0.5957089407634766
4/24/2015,HOS,0.2193623612546351,-0.23873747122207623,1.1140142078344621,-1.3005031085129992
4/24/2015,HP,0.19755617529866207,0.025210027939554853,0.24949494200254463,-0.9858236924453392
4/24/2015,HPT,-0.005241354091886896,-0.09453987982500428,-0.6107468902506888,0.1024872563701594
4/24/2015,HT,-0.02922815864345719,-0.21829529477934886,-0.35123477790331387,-0.45681037783336825
4/24/2015,HTA,-0.1388606383807284,-0.14222980469914978,-0.4740210057584348,0.06864542757605933
4/24/2015,HTLD,-0.014001425346613978,-0.19613376897464432,-0.13160919085564848,-0.22337611855540931
4/24/2015,HTS,-0.1890524629518042,-0.20023674346856513,-0.5157314113658066,-0.273998199307348
4/24/2015,HTZ,0.23161894163678542,0.08652576948349813,-0.2125764487993701,-0.23088981385463056
4/24/2015,HUBG,0.02446017505504188,-0.2108630374067264,0.2186843925195356,0.17953444280306882
4/24/2015,HUN,0.13514536721777384,-0.062075708118765636,-0.3874952554485043,-0.4544589098239002
4/24/2015,HW,0.09751089800755143,-0.21580234811364893,-0.05520163368108249,0.8553585504522774
4/24/2015,HZO,-0.0583281378329798,-0.2444586786444023,0.9173608275190194,1.0901397741731433
4/24/2015,ICPT,-0.012459953580760717,-0.019973028441080117,-0.06579750975416815,0.14019389478293764
4/24/2015,IDCC,0.013331500843028045,-0.19283913106139847,-0.09875763245692203,0.09078876853131625
4/24/2015,IDTI,0.12961862698410476,-0.16636510689148667,0.3663535588577631,0.6377290048452194
4/24/2015,ILMN,0.00013499865243062114,0.7251882781706723,0.07854958888081756,-0.21318770108015625
4/24/2015,IMAX,-0.0830292829589699,-0.17033843209681782,-0.42518878180685793,0.36135566386105616
4/24/2015,IMPV,0.12078336198470195,-0.21832312755287436,-0.005804875348562537,-0.05949901273940095
4/24/2015,IMS,-0.08419478600144432,0.08740753481882924,-0.24086830642894078,0.028274166041882588
4/24/2015,INCY,0.04784542964920597,0.409755614426272,-0.04983855706212319,0.9086250042924702
4/24/2015,INFI,-0.1672462769958312,-0.23956332072215442,-0.28778979862963344,0.2861512528149786
4/24/2015,INSM,-0.023212659069395708,-0.21349651908411654,-0.3826315746280715,1.4665873862171024
4/24/2015,INSY,0.0732985122219538,-0.18460363718363565,-0.10203627443855308,1.3862837158192653
4/24/2015,INVA,0.08950276419958199,-0.18952166613866528,0.14692338755734732,0.27213998192541394
4/24/2015,INVN,0.014835375736543427,-0.2146220832649348,0.04376558587040127,-0.03985811683535547
4/24/2015,IONS,0.05739503522302866,0.021169730689703785,-0.12420510532097184,1.5488098565314112
4/24/2015,IPI,0.003556314035178067,-0.2321612212641796,-0.06121609612420691,-0.5178381877262748
4/24/2015,IPXL,-0.07295332117241689,-0.1361398356986435,-0.2944556468969229,1.6392077368793598
4/24/2015,IQNT,0.16800503364108485,-0.24186800713163464,-0.049708279897290236,-0.3440243850310542
4/24/2015,IRDM,0.052958604287158276,-0.22880982233957867,0.4173136431682794,-0.21799369636570068
4/24/2015,IRWD,-0.010843288070231653,-0.1875181199644665,-0.004654093725870923,0.09563262887082138
4/24/2015,ISBC,-0.04107117342989084,-0.1100889763308577,-0.42631785056874416,0.11865661551026237
4/24/2015,ISIL,0.09341283892272205,-0.1983018923373777,0.0808728649870064,0.2843214584325049
4/24/2015,ISRG,-0.12979979214729825,0.4110374672660399,0.04619742628061767,-0.1563760382797789
4/24/2015,IT,-0.06862968085356014,-0.008853028328871793,-0.39574614255459556,-0.15549183786559165
4/24/2015,ITC,-0.17405131088898826,-0.06169120377542177,-0.31807923945331035,-0.41439998088453434
4/24/2015,ITT,0.11551979985739812,-0.13289118552197474,-0.17477435813698894,-0.4934612856570523
4/24/2015,IVR,-0.1443873786143974,-0.19506555706571604,-0.6360423730891,-0.2415423238648854
4/24/2015,JACK,-0.1464176097206432,-0.13572545274777587,-0.27921321861145965,1.0066761649007574
4/24/2015,JBHT,-0.009602591283081517,0.11905747547586971,-0.12922077616704314,0.1534797139840193
4/24/2015,JBL,0.06491440969060557,-0.09886067397452697,-0.28959196607649007,0.0012134986294153292
4/24/2015,JBLU,-0.017197159495334183,-0.03936722641821625,-0.4066025729573472,1.6630678767762679
4/24/2015,JEC,0.0887508267528243,-0.04983447489984166,-0.26110469269966985,-0.4234939624706283
4/24/2015,JOY,0.11006825336840488,-0.12213681657174015,-0.19852822785820945,-0.9390909357019152
4/24/2015,JWN,-0.06148627510936208,0.2744637560653922,-0.30902497649741556,0.22792758937099783
4/24/2015,KBH,0.08066749920017918,-0.21573341729189663,-0.1339107541010318,-0.5698900498414429
4/24/2015,KERX,0.026039243693233023,-0.22248810460092935,0.18559399265194845,-0.8644526565439044
4/24/2015,KEY,0.0396869083518851,0.17015748278955103,-0.325049067771877,0.20552556382702677
4/24/2015,KEYS,0.05382333235092961,-0.05156482606060713,-0.2987113676148015,0.43629484534628515
4/24/2015,KKD,-0.00042895443263766766,-0.21981590805427847,-0.12179497777156105,-0.07447070382839892
4/24/2015,KLAC,0.11018104398541852,0.07625141340351044,-0.23035928179907733,-0.24388978565381192
4/24/2015,KMT,0.08649501441255122,-0.1650921991344132,-0.03264197130416465,-0.5976343027871281
4/24/2015,KMX,0.14352946974912206,0.2647605612895298,-0.512257353636926,0.2780465721067531
4/24/2015,KN,-0.030055289834890683,-0.2033979015955225,0.1639028447072508,-0.006399624502494894
4/24/2015,KNL,0.08213377722135669,-0.22414340194740887,0.13736972880292594,-0.16407747695425887
4/24/2015,KNX,0.028445443522857616,-0.1715313890965245,-0.1315657651340375,0.2512752053144822
4/24/2015,KORS,-0.11656569308436289,0.1969060041970191,-0.319099743911169,-0.699082939880975
4/24/2015,KR,-0.0755851022360688,1.0119154932315357,-0.29137242066254143,1.0561496729818967
4/24/2015,KS,0.07720858694509378,-0.16648384869278446,-0.18324237385113523,0.010637898930670181
4/24/2015,KSS,-0.059004881535061726,0.28334765236280907,-0.19064645938581185,1.0755869323915273
4/24/2015,KSU,0.11412871558089638,0.1616864423222336,-0.26566439346882553,-0.3416517185029529
4/24/2015,KYTH,-0.06780254966212669,-0.21814298171270788,-0.2250179180409234,1.2411868215302735
4/24/2015,LAD,0.0709299092646671,-0.16342145646672016,-0.1755560211259871,0.46558201870482985
4/24/2015,LAMR,-0.0494176790889012,-0.05447719408750011,-0.509022137376906,0.33926518767501684
4/24/2015,LAZ,0.052169069968062705,-0.0008460983625668178,-0.4548919753887864,-0.05074747375829107
4/24/2015,LBIO,-0.01606925332519765,-0.245328404754485,-0.12811342026596242,2.9999999999999996
4/24/2015,LDOS,0.020399712842550304,-0.1518654833257055,-0.3369694283540982,0.5177578927082196
4/24/2015,LEN,0.03254350260768699,0.07503827374358012,-0.01781208737400593,0.3114164357504793
4/24/2015,LGND,-0.11077577474432869,-0.20142599692835655,-0.1797031775398382,0.9877455647368888
4/24/2015,LII,0.00592491699246478,-0.08909188918030297,-0.05667810821585674,0.544772952580922
4/24/2015,LJPC,-0.051184732088781736,-0.25267502366103634,1.486650324978509,2.9999999999999996
4/24/2015,LL,0.11145933764490654,-0.23287931262492212,-0.09975642405397524,-1.5079892304902467
4/24/2015,LLTC,0.033972183756526615,0.1346196196145097,-0.1875415202906248,0.195150611323059
4/24/2015,LM,0.10905313781528195,-0.04224403901097694,-0.432571154480729,0.12141408533769134
4/24/2015,LNT,-0.09412036029864586,-0.005378621821444927,-0.48235874430774806,-0.1879378753122176
4/24/2015,LO,-0.10720407187222965,0.6601505769507864,-0.5498857414128632,0.20558338393955894
4/24/2015,LOCK,-0.03543164257920816,-0.21560189265547525,0.03410336281195231,-0.790771690356877
4/24/2015,LOCO,-0.688075749492545,-0.22735826321681965,0.12204044907424058,-0.9003555771394809
4/24/2015,LPI,0.27763751337835607,-0.15115705889334108,0.4971518323501149,-1.4399440413493894
4/24/2015,LPLA,0.028257459161168216,-0.12342754920162798,-0.1568178222508377,0.22681417108205773
4/24/2015,LPX,0.062094644265264204,-0.18211993304458016,-0.22375857211420427,0.22060573336641487
4/24/2015,LQ,-0.007233988325794763,-0.15101566782345305,-0.36387166289211675,0.25245851797077723
4/24/2015,LRCX,0.1300697894521594,0.17788272608038397,0.2941365838186594,-0.09276477035846355
4/24/2015,LSTR,-0.013625456623235133,-0.16147650312332515,-0.3146703203068464,-0.3568907971794482
4/24/2015,LULU,-0.0440789232169216,0.079401533458027,-0.4445132279237558,1.4899483771613835
4/24/2015,LUV,0.016414444374734567,0.7994645921079263,-0.3401612188925072,0.7905823747950309
4/24/2015,LVLT,0.08495354264669797,0.43694523070227237,-0.3017294552667664,0.3645872352182351
4/24/2015,LVNTA,0.12127212132509439,-0.04327875582923214,-0.5146674811863369,0.25892861719466265
4/24/2015,LVS,0.044612098628147925,1.3351976012527609,0.0029454075560552467,-0.619665388352977
4/24/2015,LYB,0.10612058177292695,1.4657203992944956,-0.20849443096793543,-0.3687828853808421
4/24/2015,MAA,-0.111978874659141,-0.05567620153243557,-0.4639245254838758,0.046858457092151654
4/24/2015,MACK,-0.23082258811919384,-0.21298771581591944,0.07948324189545419,0.7628046033123034
4/24/2015,MANH,0.037807064734990826,-0.11801126535653395,0.41438240695953654,0.6839057491924443
4/24/2015,MAT,-0.033100636494259324,0.10527525407143448,-0.013100396579211597,-0.6883471374446408
4/24/2015,MCD,-0.13701839163617205,2.9999999999999996,-0.18710726307451475,0.0043583594334023
4/24/2015,MCHP,0.08119385541290951,0.0804886076662297,-0.15833772250722294,0.38482560222853773
4/24/2015,MDAS,0.049913257627789635,-0.22041244277829314,-0.23847989174033543,-0.5358596076814529
4/24/2015,MDC,0.037318305394598385,-0.21658241663696895,-0.17360186365349178,0.20170648669200392
4/24/2015,MDRX,0.12318956181432654,-0.1827909448318068,-0.1852399570452415,-0.5980798667030479
4/24/2015,MDSO,0.16661394936458312,-0.15008962686794047,1.5226068224724225,0.010155709465700364
4/24/2015,MDU,0.04367217681970083,-0.10548411232689692,-0.38449888065734483,-1.0089993038223757
4/24/2015,MDVN,-0.07502114915100051,0.10641505566083972,-0.17338473504543672,0.546340110690308
4/24/2015,MESG,0.013143516481338643,-0.24612268166747003,0.4122762594614025,-0.7118812117947685
4/24/2015,MFRM,-0.012008791112706111,-0.18516132282587544,-0.048275231084126895,-0.20097293076787223
4/24/2015,MIK,0.01934700041708957,-0.05774391942518507,-0.18545708565329655,1.5950170271467472
4/24/2015,MJN,-0.06622348102393555,0.4542321797602181,-0.34945432331726256,-0.11330351997163267
4/24/2015,MKTO,-0.06220061568378189,-0.22328833402028156,0.1792538372967416,-0.7346836675794008
4/24/2015,MLHR,0.024836143778420684,-0.20341308211907316,-0.34678364143818574,-0.54104690670853
4/24/2015,MLM,0.07299773724325076,0.07285140415726017,-0.302185425343682,0.5552283605514581
4/24/2015,MMSI,0.07713339320041802,-0.23255175791592603,0.23564213680863344,0.7359477458406131
4/24/2015,MNST,0.02160281275736264,0.6090084994549926,-0.37147116417404297,0.9439930168031676
4/24/2015,MNTA,-0.08923276689472087,-0.22265089349839812,0.7798532800377673,1.013091149783893
4/24/2015,MO,-0.08069827687402108,2.9999999999999996,-0.4136809655799413,0.1274472865706871
4/24/2015,MOH,0.021114053416970112,-0.1497489846251401,-0.1386441577566315,0.7447730358335375
4/24/2015,MOS,-0.008813056963985946,0.3470414655425058,-0.48796066239556785,0.0731894385798742
4/24/2015,MPW,-0.08415718912910644,-0.15425285552594736,-0.4959292823111876,0.1798961287635605
4/24/2015,MPWR,0.015624910055638997,-0.19416062012119933,0.20422362722307033,0.47356437957914105
4/24/2015,MRC,0.09333764517804628,-0.21427465422176092,-0.05187956597784052,-1.4896935272492728
4/24/2015,MRD,0.05596635407418904,-0.13091022695115706,-0.271852558798394,-1.2569999459658567
4/24/2015,MRO,0.09544307002896775,0.4774509483213498,-0.051423595900924934,-0.9692633805731741
4/24/2015,MSCI,-0.013963828474276099,-0.009559671724900852,-0.5098689389483206,0.5544016431109837
4/24/2015,MSM,-0.015166928389088395,-0.10481868305478247,-0.36324198992875717,-0.39632726182796013
4/24/2015,MTG,0.0817578084979778,-0.13268239437846785,-0.125290748361247,0.0466568640825938
4/24/2015,MTH,0.019798162885144133,-0.20012313438908919,0.3061003701224916,0.4306490057611575
4/24/2015,MTOR,0.2616212457624173,-0.22048785570173837,-0.1667840253605637,0.34337170273976814
4/24/2015,MTZ,0.1596209311097366,-0.21226282314534237,0.2909882190018614,-1.1247992413277286
4/24/2015,MUSA,-0.06592270604523247,-0.15138725874652445,-0.4345687376748353,0.5616914241607821
4/24/2015,MW,0.011263672864444374,-0.16522863522337644,-0.1992013265431801,0.19999257731554032
4/24/2015,MWA,0.08119385541290951,-0.2050745677506608,-0.14646078764661272,-0.2808798771570895
4/24/2015,MXIM,-0.014414990942330704,0.07232636117486084,0.01026264164750976,0.5637064108887941
4/24/2015,MYGN,-0.01937777809093145,-0.17643714304756478,-0.02625839022734676,-0.47955685298724976
4/24/2015,NAT,0.03111482145884737,-0.2230515686360046,-0.38525883078553746,0.6683532313387576
4/24/2015,NAV,0.04746946092582716,-0.1762178144080209,-0.045865103534716095,-0.5431066110696928
4/24/2015,NBIX,-0.11329476519096693,-0.13414525637133054,-0.2873338285527178,2.9999999999999996
4/24/2015,NBL,0.10427833502837064,0.4449583163073983,0.002055180263029528,-0.8790671808216718
4/24/2015,NBR,0.2547034212522465,-0.10683231330436256,0.4423051459554136,-1.165367565276545
4/24/2015,NCLH,0.0734864965836432,0.16302217241798675,-0.38265328748887706,0.8088250910918927
4/24/2015,NCR,0.058372553903813636,-0.08865334797690312,-0.09652120779395523,-0.03844277249532987
4/24/2015,NDLS,-0.210933842652453,-0.24306591185753557,-0.4676808504032278,-0.8815926655544609
4/24/2015,NE,0.22816002938170002,-0.12783581000930533,0.5498489455250711,-1.210514067396915
4/24/2015,NFG,-0.04580837934446431,-0.07017155568932332,-0.3300864514787537,-0.6222549998819832
4/24/2015,NFLX,0.010286154183659402,0.9625094654873076,1.248047697586834,0.226298708892964
4/24/2015,NI,-0.02896498053709203,0.2510036770313314,-0.48329239732238466,-0.1863769528796551
4/24/2015,NKE,-0.04505644189770657,2.8828805427444584,-0.46357711971098775,-0.02584496882267366
4/24/2015,NKTR,-0.13198041074289552,-0.2140383132392176,0.5555160021953077,-0.11842751190094061
4/24/2015,NLNK,-0.03381497706867909,-0.21154436904807528,-0.10568403505387754,1.594567922662845
4/24/2015,NLSN,-0.05626030985439617,0.35115629426604755,-0.27085376720134086,-0.09674506791726993
4/24/2015,NMBL,0.08901400485918955,-0.19682754973351435,-0.38432517777090086,-0.5288587458882862
4/24/2015,NNN,-0.0995719067876391,-0.06701006384476338,-0.5164696486331937,0.0299950041539997
4/24/2015,NOC,0.044800082989837405,0.8874448017518789,-0.4076882159976223,0.34132149376690135
4/24/2015,NPBC,-0.008549878857620742,-0.21181799209060753,-0.3051818001348415,0.07473980701743725
4/24/2015,NR,0.10679732547500888,-0.23349566727263588,0.2118665542266074,-0.7255736150112908
4/24/2015,NSAM,0.029573349692994112,-0.11362177253663464,1.2179536725104063,0.9387470691478267
4/24/2015,NSR,0.03908535839447892,-0.20852967304761855,-0.25209385546538604,-0.6386586242652533
4/24/2015,NTGR,-0.04772581983369637,-0.2276545210184812,0.9356864820388641,-0.266883156861016
4/24/2015,NUE,0.033558618160809926,0.29141589568385173,-0.056265563860552134,-0.5460032048063405
4/24/2015,NUS,0.28504409722891927,-0.13935064882844078,-0.07259363518629056,0.08403816807198328
4/24/2015,NUVA,-0.09325563223487449,-0.18853706137127085,0.0696256030897557,0.2648419124440615
4/24/2015,NVDA,0.0944279544758449,0.17667933677823244,-0.4300958883489017,0.4001824671466116
4/24/2015,NVIV,0.2858712284203528,-0.25326379219606127,2.4226049028605323,2.9999999999999996
4/24/2015,NXTM,-0.13141645765782725,-0.22088337998069676,-0.29528073560753193,0.32622122895059646
4/24/2015,NYCB,-0.04625954181251887,0.00698872037758955,-0.5169256187101092,0.13010983016917682
4/24/2015,O,-0.12073894591386808,0.15106036239862183,-0.4668123359710077,0.1863261101796892
4/24/2015,OA,-0.11878390855229809,-0.1085496168323415,-0.342093663504197,1.1793713011813591
4/24/2015,OC,0.0316035807992399,-0.086283702710614,-0.05702551398874475,0.6690085985283551
4/24/2015,OCR,-0.06802813089615402,0.037231323121573776,0.05679330235370325,0.31473965166909385
4/24/2015,ODFL,-0.01971614994197242,-0.03365928789795668,-0.408925849063536,0.08966322688047637
4/24/2015,OFG,-0.04359016387652907,-0.24137246551077354,0.2873187455257312,0.24172869676430603
4/24/2015,OGE,-0.0865257920863932,-0.030553809827511328,-0.42729492930499174,-0.6355794847952327
4/24/2015,OI,0.12055778075067458,-0.12183294493042919,-0.46394623834468124,-0.49996099416565826
4/24/2015,OKE,0.07408804654104938,0.10741646601141458,0.015517153962441644,-0.8637682514170009
4/24/2015,OLED,-0.13073971395574532,-0.18616543919092315,-0.10516292639454544,0.9057449611548932
4/24/2015,OMI,-0.0017824418368015274,-0.18816496987179565,-0.49249865030391804,-0.08503165744705335
4/24/2015,ON,0.09281128896531587,-0.08392038719667755,0.44302167036199525,1.4848404715359427
4/24/2015,ORC,-0.15792225265603582,-0.25605409212772673,-0.5334708186439027,-0.022441351306913253
4/24/2015,OREX,0.042093108181509686,-0.23201591263982688,0.142211696762553,2.181433206888798
4/24/2015,ORI,0.019986147246833535,-0.11773150118464179,-0.409056126228369,-0.016426341702360285
4/24/2015,ORLY,-0.02264870598432742,0.5815567661390173,-0.08162618528137999,0.4766880112016183
4/24/2015,OSK,0.09352562953973569,-0.12953854241109478,-0.30650628464397717,0.05501438441679719
4/24/2015,OUT,-0.007008407091767481,-0.11985267918637334,-0.5183586675232724,0.3359450402617194
4/24/2015,OUTR,-0.18487921012229902,-0.21694524747297345,-0.3234206032114642,0.03292179253286965
4/24/2015,OVAS,0.055439997861458715,-0.2353781138581276,-0.027734864762120934,2.9999999999999996
4/24/2015,OVTI,-0.1854055663350294,-0.20925697066135315,-0.5114105520655113,-0.2040071652200391
4/24/2015,OXM,-0.08020951753362858,-0.21758201693228654,0.11698135250655839,-0.3938784788562509
4/24/2015,P,0.060553172499410945,-0.12533501372521505,-0.049208884098763596,-0.6075359033889973
4/24/2015,PAH,0.11232406570867795,-0.07585002912169708,-0.20632314488738515,-0.12433593315418352
4/24/2015,PANW,0.08841245490178337,0.19374548085897958,0.07646515424348932,0.9256769186461422
4/24/2015,PAY,0.11503104051700559,-0.11832163360899886,-0.33173662889997196,-0.35965610681167876
4/24/2015,PAYX,0.010549332290024565,0.38327088590152203,-0.4476833056013593,0.08703320654637961
4/24/2015,PB,0.014421810140826658,-0.13284067083357173,-0.1871941145177368,-0.5352280110410464
4/24/2015,PBCT,-0.07208859310864552,-0.09598597976306944,-0.43202833296059145,-0.005009319990837148
4/24/2015,PBF,0.0288590091185743,-0.1728856223823927,-0.09139697264385645,0.4166247136317056
4/24/2015,PBH,0.05374813860625385,-0.18485470164170872,-0.3889283042616675,0.3643217305620455
4/24/2015,PBI,-0.0268219588138326,-0.09777430347518182,-0.5349255803178714,-0.38958305497577905
4/24/2015,PCAR,0.09980430722016237,0.5855283284448393,-0.07580713858550511,-0.24976284678737257
4/24/2015,PCG,-0.14183079129542125,0.6492090504633665,-0.48496428760440846,-0.021051903851755753
4/24/2015,PCL,-0.04347737325951543,0.0061193461219356355,-0.5064165940802456,0.008839031402061229
4/24/2015,PCP,0.047582251542840806,0.7657440715669581,-0.10490237206487947,-0.3716000075241688
4/24/2015,PCRX,-0.07013355574707553,-0.15294323520522837,0.5905822723961953,-0.1386487208041102
4/24/2015,PDCE,-0.018099484431443397,-0.18472388071414486,0.4454317979114062,0.44927802595370336
4/24/2015,PE,0.1385290857281834,-0.1798938081115779,0.2238737662520508,-0.5814784435367748
4/24/2015,PENN,-0.03802582677052219,-0.21637841724295082,-0.08692412331792271,0.637089616287954
4/24/2015,PHM,0.08860043926347277,0.0007340653675913241,0.33139585296090285,0.1920808221759334
4/24/2015,PIR,-0.06750177468342361,-0.22197429556869408,-0.1783135544482859,-0.124586053252268
4/24/2015,PLCM,0.08867563300814854,-0.20197254655929398,0.09559418461313754,-0.17040959553199725
4/24/2015,PM,-0.09329322910721237,2.9999999999999996,0.28970716021433657,-0.5116180692498332
4/24/2015,PNM,-0.09220291980941375,-0.18281670275241213,-0.35768349756254836,-0.2541790216077496
4/24/2015,PNRA,-0.18743579744127517,-0.08654146328492951,0.5867390960336211,-0.10593957967403332
4/24/2015,PNY,-0.10412112834052312,-0.15646172508247871,-0.3223132473103835,-0.285315083393587
4/24/2015,PODD,0.06258340360565673,-0.20247808882613574,-0.19073331082903383,-0.7344242445970884
4/24/2015,POM,-0.1457032691462234,-0.023904493851482984,-0.4986868156334865,-0.14052278755462613
4/24/2015,POOL,-0.03189753657944703,-0.15830314616704858,-0.15842457395044499,0.39457401691911564
4/24/2015,POR,-0.1081063968083389,-0.1599038589213201,-0.528693989266692,-0.20224822104762347
4/24/2015,PPC,0.13672443585596497,-0.04285796695134173,-0.051901278838646044,-0.0017594512724622337
4/24/2015,PPL,-0.09829361312815105,0.5716424296869692,-0.4228003671182526,-0.36639815119841457
4/24/2015,PPS,-0.14874861580559204,-0.15270426438288243,-0.4441875350116733,-0.15374151424095217
4/24/2015,PRI,0.042093108181509686,-0.1753580562976317,-0.13325936827686666,-0.1315272590161463
4/24/2015,PRLB,-0.17273542035716233,-0.1973621471959692,-0.10034267129572376,0.08034653328540273
4/24/2015,PSA,-0.0879168763628949,0.9478617148343782,-0.5533597991417437,-0.014872071241210686
4/24/2015,PTC,0.06980200309453051,-0.11036802591179656,-0.5370317278160052,-0.5681662251727458
4/24/2015,PTCT,-0.06118550013065904,-0.17923684148258023,0.16049392556078687,2.3674103868095298
4/24/2015,PTEN,0.1230767711973129,-0.15298612517188623,0.5644834137079803,-0.9340804040502975
4/24/2015,PVH,-0.06524596234315054,0.04725256890949023,-0.20213256275192307,-0.6114909762733407
4/24/2015,PVTB,0.07468959649845554,-0.16113140647600385,-0.22881766868188647,0.22496794897293165
4/24/2015,PX,-0.028062655600982776,1.016668295699652,-0.5188797761826045,-0.16314102304456507
4/24/2015,QDEL,-0.137695135338254,-0.23611186818199845,-0.11771295994012639,-0.4561768894211835
4/24/2015,QEP,0.09063067036971857,-0.12325695784151705,-0.001831421821155599,-0.7252742763381921
4/24/2015,QLGC,-0.06761456530043729,-0.21703149533640576,-0.20730022362363276,0.7375396002208144
4/24/2015,QLYS,0.011902819694188424,-0.20004260688064837,0.05162564148199349,0.9891316722572889
4/24/2015,QUOT,0.024046609459325113,-0.22626886749486008,0.24345876669861474,-0.9984643795620841
4/24/2015,R,0.12988180509047,-0.07423590962547973,-0.4078836317448719,0.051601460611676905
4/24/2015,RAI,-0.07660021778919165,1.2063051841856365,-0.3139537959002648,0.277460375050226
4/24/2015,RAX,-0.023250255941733588,0.015065643983663665,-0.20465125460536143,0.9368759200942994
4/24/2015,RCII,-0.11006143416990888,-0.21431731566440831,0.19642871019389477,-0.504536472097427
4/24/2015,RCPT,-0.05656108483309921,-0.07095062668720091,0.0793095390090101,1.2560695062851677
4/24/2015,RDC,0.11619654355948004,-0.17833769744035993,0.18835152597424756,-0.9378396061156311
4/24/2015,REGN,0.1135271656234902,1.5331732837239578,-0.23847989174033543,0.14525081566799686
4/24/2015,RES,0.11262484068738099,-0.1451185368141058,0.3111377538293685,-0.9717343292788528
4/24/2015,RESI,-0.08513470780989145,-0.22554613673396906,-0.3017294552667664,-0.3559107291587461
4/24/2015,RGA,-0.035318851962194475,-0.041530322252719916,-0.5571161240610958,0.1744604717304493
4/24/2015,RGEN,-0.19311292516429573,-0.2239551743374763,0.05844347977492151,0.622803560870826
4/24/2015,RGLS,0.46069668479151565,-0.2333156592723487,0.23527301817493998,-0.27772818941646127
4/24/2015,RH,-0.21540787046066123,-0.1323955495896173,-0.3342118950317993,0.33851953206018504
4/24/2015,RHI,0.0633729379247523,0.014794908323866476,-0.22345459206292725,0.1947852730407626
4/24/2015,RHT,0.10815081287917273,0.2457939462453881,-0.37166657992129243,0.24695192366193366
4/24/2015,RICE,0.024986531267772207,-0.15605245308924143,0.19716694746128172,-1.0884911849350816
4/24/2015,RIG,0.16507247759872984,-0.04921783369027357,0.90316061655222,-1.7637925468911877
4/24/2015,RJETQ,0.10901554094294406,-0.24163446284769532,-0.1800071575911152,0.12402826310869369
4/24/2015,RKUS,0.09698454179482102,-0.2275313719684107,-0.31768840795881137,-0.22670920508323084
4/24/2015,RL,-0.08167579555480609,0.16686404190683604,-0.2716788559119499,-0.8038032469270698
4/24/2015,RLGY,0.030851643352482208,-0.012968858205221161,-0.22816628285772136,0.24445639706995623
4/24/2015,RLJ,-0.02967932111151184,-0.1171792783544611,-0.5316903640578514,-0.2729026500109222
4/24/2015,RLYP,-0.2522152084794501,-0.21301774677278346,-0.2200673857772687,2.9047945745348707
4/24/2015,RMBS,-0.05208705702489099,-0.2067654640596555,0.688507274629015,0.12948315675571095
4/24/2015,RMTI,0.047507057798165046,-0.24645558311283736,0.011543700435034552,0.3594486884784887
4/24/2015,ROST,-0.053854110024771536,0.5179915212930672,-0.2582385950733434,0.8698178707111498
4/24/2015,RPT,-0.05844092844999344,-0.21279678581887934,-0.4864190492783771,0.12320827237449561
4/24/2015,RPTP,-0.16314821791100179,-0.23463788468729432,-0.268747619703207,0.6061489169880974
4/24/2015,RRC,-0.04780101357837213,0.11077847497935737,0.19186900942473908,-1.2072100691561127
4/24/2015,RSPP,0.07796052439185147,-0.1794639399384791,-0.06510269820839196,0.39662428439131175
4/24/2015,RYAM,-0.04099597968521504,-0.2415593401134697,-0.34678364143818574,-1.5179387501626402
4/24/2015,RYL,0.07472719337079342,-0.18884493762381235,0.10438789323936638,0.6250875622389885
4/24/2015,RYN,-0.11494902757383388,-0.145224941946205,-0.6192800445472516,-0.7676114367456787
4/24/2015,SAAS,0.1442438103235419,-0.24241055940607195,-0.24392981980251685,0.519996482522362
4/24/2015,SAFM,0.011113285375092853,-0.20142772718157848,-0.28490198814250145,-0.2598675145938707
4/24/2015,SAH,0.06389929413748272,-0.22044993522546627,-0.3614398224819004,-0.23558808403130063
4/24/2015,SALE,-0.03494288323881563,-0.22759169867980164,-0.07548144567342255,-0.8145745561448322
4/24/2015,SANM,0.11439189368726153,-0.20299442613194685,0.7746204805836407,-0.2852805993317694
4/24/2015,SAVE,0.256508071124465,-0.060987745206077866,-0.42464596028672036,0.008609420767710414
4/24/2015,SBAC,-0.09442113527734891,0.3033788918516517,-0.2962578143437796,0.05921295646328874
4/24/2015,SBH,-0.1451393160611551,-0.07685681885493043,-0.3664337804671661,0.3121023691055297
4/24/2015,SBNY,0.019760566012806253,-0.02354300514061913,0.035927243119614656,0.12484688927057631
4/24/2015,SBUX,-0.04738744798265541,2.554522194605674,-0.10490237206487947,0.6316544514143962
4/24/2015,SCCO,-0.02761149313292817,0.6370831021666619,-0.2674882737764878,-0.09517641993746233
4/24/2015,SCHN,-0.008888250708661708,-0.24896375745783614,0.21342988020460385,-1.0722050124802027
4/24/2015,SCHW,0.08961555481659572,1.169171378241621,-0.45356749087965065,0.05732249910374554
4/24/2015,SCI,-0.05528279117361116,-0.05814601648996761,-0.29234949939878907,0.40914527041082926
4/24/2015,SCMP,-0.004000657304736719,-0.23085034224772058,-0.028429676307896962,2.9999999999999996
4/24/2015,SCSS,-0.042123885855351574,-0.19982604229342127,-0.09940901828108706,0.7677320194878544
4/24/2015,SE,0.01585049128966628,0.6548686289501786,-0.3661298004158891,-0.5179641324261977
4/24/2015,SEAS,0.037468692883949904,-0.195807661584381,-0.28279584064436764,-0.10966676746727633
4/24/2015,SEIC,0.036528771075502814,0.014236547991691086,-0.3907738974301353,0.2394007985689855
4/24/2015,SFL,0.10112019775198836,-0.2124903750218968,-0.24212765235566003,-0.46844827235801434
4/24/2015,SFM,-0.04216148272768949,-0.07789580870944432,-0.2299901631653837,0.4598061708346821
4/24/2015,SFS,-0.024566146473559525,-0.21746498724738447,-0.2193942870922981,0.12466746174596699
4/24/2015,SGEN,0.11969305268690325,-0.09734057941282741,-0.23070668757196533,0.0001562735101132668
4/24/2015,SGMO,-0.14284590684854415,-0.22848170901633483,0.7772694496019121,1.2297909331063068
4/24/2015,SGMS,0.23951428482774112,-0.22565570130119675,0.19716694746128172,-0.16288609014341035
4/24/2015,SHO,0.03791985535200447,-0.14129581255901996,-0.5249593772081455,0.17139085748137434
4/24/2015,SHW,-0.019302584346255692,0.6899493751844001,-0.5195094491459641,0.644521247983259
4/24/2015,SIAL,-0.1980005185682207,0.3369563998904675,-0.7116031286922513,-0.08438146504946349
4/24/2015,SIG,-0.06426844366236556,0.13635306854519447,-0.41016348212944975,-0.03453571953011177
4/24/2015,SIRO,-0.11626491810565981,-0.06676017102566449,-0.5248725257649235,0.2433754285428799
4/24/2015,SIX,0.015662506927976876,-0.0895521510467904,-0.3091986793838596,0.5265181870841086
4/24/2015,SKT,-0.12164127084997729,-0.146057005122948,-0.6505031383855653,-0.19447007370568428
4/24/2015,SKX,-0.013963828474276099,-0.09390029190289577,0.8153755203155706,0.6297017478876888
4/24/2015,SKYW,0.20594027783001032,-0.2390899822039585,0.19566876006570208,0.9079885236678713
4/24/2015,SLCA,0.2231972422330993,-0.19821055528050655,0.34741994423536426,-1.211572193189362
4/24/2015,SLM,-0.05968162523714366,-0.10728055408242777,-0.27515291364083044,-0.29049509918782057
4/24/2015,SMCI,0.09487911694389956,-0.213975918929637,0.6814071691456154,0.26459981328597987
4/24/2015,SNA,0.02006134099150938,0.05900797096431418,-0.3593771007053776,0.13263570634270555
4/24/2015,SNV,0.03592722111809664,-0.1301892445803142,-0.40215143649221907,0.23814146177875445
4/24/2015,SONC,-0.08769129512886761,-0.20721186576354148,-0.2957367056844476,0.8330679870762807
4/24/2015,SPLK,0.312489814035575,0.04245921975266448,-0.018224631729310457,-0.29750071566274244
4/24/2015,SPN,0.1785697547680304,-0.13659044877357895,0.3536949610081549,-0.7175446390842282
4/24/2015,SRC,-0.1387854446360526,-0.0764327073104755,-0.6007372614193518,-0.12251159316045562
4/24/2015,SRCL,-0.09938392242594965,0.15792737832719894,-0.3327354204970251,0.12008270282381035
4/24/2015,SRE,-0.08923276689472087,0.7171467104936422,-0.41795839915862537,-0.22707499086005054
4/24/2015,SRPT,-0.18424006329255496,-0.24523391914458112,-0.1545162590054544,-0.544539162849337
4/24/2015,SSD,-0.009339413176716313,-0.2040324438525751,-0.20232797849917253,0.20303920996515876
4/24/2015,SSP,0.03374660252249933,-0.19393186033201823,-0.2228249190995676,0.9135076090221784
4/24/2015,SSYS,-0.06810332464082977,-0.17065199968542888,0.7644371488658598,-1.7865332043698383
4/24/2015,STAR,0.05442488230833578,-0.22174163273450928,-0.5171427473181642,-0.45806258731295174
4/24/2015,STE,0.003518717162840187,-0.11218724752106653,-0.5254370601458664,0.09289307417798766
4/24/2015,STLD,0.09608221685871181,-0.07374583807140825,-0.07867323621183149,-0.7768930174038657
4/24/2015,STRZA,-0.05468124121620503,-0.12425027916759539,-0.4359149350447766,0.1494832117991378
4/24/2015,STT,0.0948039231992237,0.8765989071217803,-0.3369042897716817,-0.2157484097903778
4/24/2015,STX,0.1883449415758804,0.4294657051331412,-0.1853702342100745,-0.5504489926806485
4/24/2015,STZ,0.004270654609597878,0.5469398402165887,-0.4680065433153104,0.7194135126105029
4/24/2015,SUPN,-0.21029469582270893,-0.2420162140208182,-0.23741596156086586,1.3325624106797713
4/24/2015,SVU,0.03743109601161202,-0.162433318645577,-0.4500500074291591,0.687368887771888
4/24/2015,SWC,0.007879954354034808,-0.20827375880221283,-0.028885646384812547,-0.10763303371890542
4/24/2015,SWFT,0.1879313759801636,-0.1321492043337281,-0.13688541603138582,0.32370948127902394
4/24/2015,SWK,-0.02050568426106799,0.30440496103116266,-0.439041587000769,-0.020183607530263742
4/24/2015,SWKS,-0.0025719761558970983,0.38174874913318935,-0.19116756804514395,1.7619279369448597
4/24/2015,SXT,0.02073808469359131,-0.14848193506293741,-0.24403838410654435,0.1598688478349822
4/24/2015,SYA,0.03427295873522974,-0.16339540472952999,0.12421173515479078,-0.04818986602069265
4/24/2015,SYF,0.03916055213915469,0.6667456275427482,-0.4842911889194378,0.42081018862923636
4/24/2015,SYMC,0.008819876162481902,0.34527733272921296,-0.37683424079300226,-0.2920046352361089
4/24/2015,SYNA,-0.01629483455922493,-0.15124923749894909,-0.1362123173464151,0.36502051683604836
4/24/2015,SYNT,0.024309787565690275,-0.12370959861362453,0.32644532069724824,0.36175474131601565
4/24/2015,TASR,0.05814697266978635,-0.20794581233777026,0.19180387084232256,0.7136121728495154
4/24/2015,TBI,0.05168031062767026,-0.2211630933694755,1.335246546581735,-0.2489123390334846
4/24/2015,TCB,-0.004301432283439761,-0.17111488413698847,-0.19950530659445706,-0.015958793148135177
4/24/2015,TCBI,0.06946363124348959,-0.17967085573415423,-0.23463671537776137,-0.6754566076629351
4/24/2015,TDS,0.02378343135295995,-0.15885363148927692,-0.2713748758606729,-0.14039213655390473
4/24/2015,TDW,0.13529575470712535,-0.22386739935327585,0.968082070360675,-1.2692019712240614
4/24/2015,TE,-0.084307576618458,-0.09739095988871634,-0.458626587447333,-0.2044396044415452
4/24/2015,TEN,0.11608375294246641,-0.1374569211370368,-0.4077750674408444,0.041756624850530805
4/24/2015,TESO,0.06788456260529845,-0.24757065332600162,0.48167056259579105,-1.4485320917297646
4/24/2015,TFM,-0.02276149660134106,-0.19793823808946256,-0.07370099108737134,0.2603450633625015
4/24/2015,TGTX,-0.31793454132607224,-0.237247723198017,0.47737141615630124,1.6842628129567252
4/24/2015,THOR,-0.049229694727211754,-0.18211891738231153,-0.13106636933551086,1.3151932463103406
4/24/2015,THRM,0.23579219446629057,-0.19694971576760345,0.01497433244230394,0.20999666002440248
4/24/2015,TIF,0.037882258479666586,0.14317901907183203,-0.27380671627088926,-0.4711409129171094
4/24/2015,TILE,0.008067938715724211,-0.21655716654749793,-0.14600481756969713,0.6363781887691164
4/24/2015,TIS,-0.1712691423359848,-0.2571181906044671,0.1273600999715888,-0.12912954284842065
4/24/2015,TIVO,0.1447701665362722,-0.2013942502277316,0.4742013384786979,-0.006495232056006644
4/24/2015,TJX,-0.04043202660014679,1.375184551231313,-0.4194131608325941,0.11019316780896637
4/24/2015,TK,0.09642058870975281,-0.1338216518630863,-0.09732458364375883,-0.9476652717079243
4/24/2015,TLRD,0.011263672864444374,-0.16522863522337644,-0.1992013265431801,0.1999866094311175
4/24/2015,TMK,-0.031634358473081825,-0.006753324329391125,-0.5441752590210157,-0.09753641593838312
4/24/2015,TMST,0.19699222221359378,-0.22139941258782733,-0.3273723438780658,-1.2569480986026786
4/24/2015,TNET,-0.04716186674862812,-0.17551447916909535,-0.06814249872116243,0.3218955502629625
4/24/2015,TOL,0.05205627935104907,-0.03092684081458502,0.07783306447423592,0.4311301189472559
4/24/2015,TPH,-0.007647553921511488,-0.17872552082290308,-0.22690693693100225,0.09209921860017785
4/24/2015,TPX,0.007128016907277118,-0.13061527500098377,-0.18178761217716644,0.0029079161966272765
4/24/2015,TRGP,0.11251205007036735,-0.04830927663524224,-0.05639584102538516,-1.094072008552458
4/24/2015,TRI,-0.08562346715028395,0.9297472875893592,-0.4064505829317086,0.1329522691528083
4/24/2015,TRN,0.10239849141147638,-0.10406029892089752,1.374351408892446,-0.28658539797153393
4/24/2015,TSCO,0.07856207434925763,0.1850436782968658,-0.35214671805714504,0.4373705278105779
4/24/2015,TSLA,0.10367678507096446,0.7360692639321518,-0.1010591957023054,-0.8355791764213344
4/24/2015,TSN,-0.059004881535061726,0.3043756773115391,-0.3803951499651047,-0.3569651187910437
4/24/2015,TSO,0.11991863392093062,0.14346074564832179,0.12225757768229557,0.5483359450648918
4/24/2015,TSRO,0.03667915856485433,-0.1725329082680567,0.141864290989665,2.9999999999999996
4/24/2015,TSS,0.0007741454821745872,-0.007333350914175401,-0.525632475893116,0.25456010040114924
4/24/2015,TTEK,0.06773417511594693,-0.20913486266510795,-0.4744552629745448,-0.3994796859564863
4/24/2015,TTS,0.07096750613700498,-0.23928681029688711,1.4108724407673028,0.6451875798048451
4/24/2015,TUES,0.053973719840281216,-0.238550875926504,-0.05548390087155407,-0.5495658133027616
4/24/2015,TUP,-0.12686723610494324,-0.14532802441173973,-0.04189165000730908,0.029400975539621024
4/24/2015,TWC,0.004684220205314645,1.3166229556696374,0.18613681417208616,0.05919478855832334
4/24/2015,TWOU,-0.05614751923738249,-0.22371169832749596,0.1317460978543006,0.42547558709415706
4/24/2015,TXN,0.04198031756449605,1.8134818433373623,0.2562042159914452,0.35640787204830143
4/24/2015,TXRH,-0.06441883115171708,-0.1731387725754817,-0.271852558798394,0.7895552271988093
4/24/2015,TZOO,-0.1551400841030324,-0.2584773208334162,2.5920737814474855,-0.9778644477940717
4/24/2015,UFS,0.12379111177173271,-0.1657737629271378,-0.23982608911027667,0.15220927672657833
4/24/2015,UGI,-0.04565799185511274,-0.04292669101327503,-0.372426530049485,-0.6036053069043484
4/24/2015,UHS,-0.041559932770283324,0.17557037867550612,-0.4598207947916357,0.181601544178861
4/24/2015,UIS,0.31222663592920974,-0.22586113713185196,0.26706064639419685,-0.44253479120955647
4/24/2015,ULTA,-0.12837111099845863,0.10068613646000259,-0.40942524486206255,0.6258789433175379
4/24/2015,UMPQ,-0.015354912750777838,-0.12801757728173638,-0.2985159518675519,-0.18614495140311754
4/24/2015,USB,0.0016388735459460023,2.4984266995795195,-0.46383767404065374,0.0018945667677326497
4/24/2015,USG,0.04449930801113428,-0.11738966916604106,-0.16185520595771452,-0.14491085131835324
4/24/2015,UTEK,-0.10788081557431158,-0.2461436732301433,0.2590703136177716,-0.2720641948861563
4/24/2015,UTHR,0.009684604226253233,0.050650720944734946,-0.3848245735694274,0.639814741762139
4/24/2015,VDSI,0.17529882687463447,-0.22837146975917155,0.5625075433746797,-0.6475675684924246
4/24/2015,VFC,-0.031145599132689297,0.8721209718824755,-0.576158302987522,0.13334612114378877
4/24/2015,VIAB,0.04641674850036643,0.7762961641216659,-0.3235725932371027,-0.3118775438944264
4/24/2015,VLTC,-0.14901179391195718,-0.2615708975184925,2.9999999999999996,-1.4425108622512128
4/24/2015,VMC,0.00998537920495636,0.13616188825995243,-0.3728173615439841,1.0421420733661246
4/24/2015,VMI,-0.06479479987509593,-0.15772017053432008,-0.0227409067768551,-0.4248013808614169
4/24/2015,VNTV,0.014309019523813016,0.002786530189485285,-0.4413431502461524,0.4338254711194546
4/24/2015,VOYA,0.0703659561795988,0.0891476544741997,-0.40666771153976367,0.29489541575435546
4/24/2015,VR,-0.11374592765902154,-0.13242694806317873,-0.37598743922158756,0.0335867741677992
4/24/2015,VRA,0.023294672012567425,-0.24522049789317432,-0.10800731116006644,-1.1893139597497115
4/24/2015,VRSN,0.004797010822328286,0.00933181333028468,-0.1285476774820725,0.06356232043929456
4/24/2015,VRTX,0.047093492202448274,0.9116895778273122,0.08287044818111267,0.1777841694042212
4/24/2015,VSH,0.08540470511475261,-0.1969546852579892,-0.2421059394948545,-0.08793325999605384
4/24/2015,VSI,-0.050395197769686165,-0.21899260496460232,0.9940072261624459,-0.5284419721761849
4/24/2015,VSLR,0.23030305110495944,-0.20997873291572372,0.40669605423438826,-0.7302497422818691
4/24/2015,VVC,-0.07186301187461823,-0.13082482063646164,-0.4386290426454645,-0.24299844395993045
4/24/2015,W,-0.05629790672673405,-0.16628431095801774,0.2773742552768109,0.7853190671622436
4/24/2015,WAFD,-0.04389093885523216,-0.18865857810698106,-0.26675003650910073,-0.1426825864206042
4/24/2015,WAT,-0.06862968085356014,0.10513054758971241,-0.6274657930709263,0.14852468585040896
4/24/2015,WBS,-0.007384375815146327,-0.1473876677894537,-0.24147626653149493,0.42256974401781716
4/24/2015,WCC,0.08442718643396764,-0.15318871352082403,-0.07737046456350125,-0.6874396287041052
4/24/2015,WDAY,0.1432662916427568,0.3431307776802268,0.1730439591063678,-0.5696026878235577
4/24/2015,WDR,0.21996391121204126,-0.11316867471650625,-0.13712425750024634,-0.05741284527364423
4/24/2015,WEN,-0.06483239674743381,-0.12358909391281768,-0.3559681815589136,1.0275704460296176
4/24/2015,WERN,-0.009226622559702672,-0.18800048336739217,-0.11306640772774865,0.37012846862787596
4/24/2015,WETF,0.3354615030340224,-0.1622258659998456,0.017558162878158975,1.2792272980081711
4/24/2015,WFM,-0.06129829074767268,0.38410371445233166,-0.19781170345162788,1.0669193847979306
4/24/2015,WGO,0.021978781480741446,-0.24479139509414216,-0.2264075411324757,0.03964906326334409
4/24/2015,WIN,0.038107839713693956,-0.09353096445573732,0.4286260436479465,-0.9629099218185263
4/24/2015,WLK,0.14492055402562382,0.10596740614330942,-0.168173648452116,-0.34025264933665494
4/24/2015,WM,-0.0609975157689696,0.6087097786723296,-0.478819547996451,0.1965874229874554
4/24/2015,WMB,0.08581827071046938,1.162740124954666,-0.3475001658447673,-0.6106468934538939
4/24/2015,WMT,-0.07926959572518145,2.9999999999999996,-0.44227680326078905,0.1317339670013374
4/24/2015,WNC,0.06920045313712443,-0.23112310923205495,-0.2634931073882752,1.222812535007906
4/24/2015,WNR,0.12773878336721056,-0.10243220681375617,-0.14179252257342953,0.07004010678434991
4/24/2015,WR,-0.13231878259393648,-0.07963961739526905,-0.4406266258395708,-0.11572357412201899
4/24/2015,WSM,-0.10547461574468699,-0.009700308302817928,-0.5361849262445906,0.7086840025846403
4/24/2015,WTR,-0.07667541153386746,-0.08979862326046319,-0.46950473071089005,-0.17519045486898566
4/24/2015,WU,0.01806870675760147,0.1219158392889939,-0.43806450826452137,0.3894657939579448
4/24/2015,WWAV,0.05570317596782388,0.02414740217310396,-0.4623177737842685,0.24368383892698345
4/24/2015,WWD,0.04769504215985444,-0.15054276821645177,-0.4563467370627551,-0.28055497863220985
4/24/2015,WWE,-0.067050612215369,-0.22569295071489848,-0.1315006265516209,1.0444556433823782
4/24/2015,WWW,-0.02486692145226261,-0.1369925857393792,-0.24230135524210406,0.19436651329668303
4/24/2015,WY,-0.07035913698110285,0.34295986711197435,-0.4073408102247343,-0.19043455813500715
4/24/2015,WYNN,-0.002684766772910739,0.21371343733375647,0.11700306536736384,-1.138595866517949
4/24/2015,X,-0.008850653836323826,-0.12386206765697104,0.4303847853731923,-1.5768887910369622
4/24/2015,XEL,-0.13690560101915838,0.37549027813495334,-0.45652043994919916,-0.05861312841560907
4/24/2015,XRAY,-0.03238629591983952,0.0005628464732929979,-0.38278356465371005,-0.15185171564414876
4/24/2015,XYL,0.049687676393762356,-0.03056168846482365,-0.3806122785731598,-0.2817293309578595
4/24/2015,YDLE,0.15259031598255224,-0.2517878789430468,0.017731865764602905,-0.15052921656794568
4/24/2015,YRCW,0.39678200181711204,-0.24611711728918406,0.06491391229496152,-0.6904637137884567
4/24/2015,YUM,-0.0011808918793953583,1.1039167170516961,-0.10555375788904452,0.12825857263540366
4/24/2015,ZEN,0.08040432109381394,-0.2002380456926881,-0.06868532024129997,-0.5625158923653848
4/24/2015,ZG,0.11194809698529906,-0.05999933533254135,-0.10798559829926084,-0.23568077264758092
4/24/2015,ZINCQ,-0.0024215886665455767,-0.23649057962304593,-0.15677439652922673,-0.7618135506646527
4/24/2015,ZIOP,-0.17431448899535346,-0.21506829271846278,1.2986820889852673,2.9999999999999996
4/24/2015,ZLTQ,-0.1626218616982714,-0.21977029756368682,-0.14648250050741818,0.6979179887447133
4/24/2015,ZU,-0.11370833078668366,-0.20450739654830508,0.24680254726266232,-2.1690726951708217
