-0.4382048612,1.1389,-0.1374498363,1.0760913854,A
0.8288909378,1.1161,1.3307243046,-0.3338695107,AAN
0.53944977,1.407,0.0456886458,-0.3854651538,AAON
-0.070821738,1.067,0.0806864433,0.8730484758,AAP
-0.5776241253,1.0694,-1.2988428776,2.0146220452,ABBV
-0.2166933384,0.8997,-0.547351612,-0.2166127069,ABM
-0.7364531975,0.8985,0.353821488,0.3883606013,ABMD
-0.202782415,0.8784,-0.4145701665,-0.9760370833,AC
-0.5872984867,2.0738,1.0808973776,0.3681591672,ACAD
-0.0217748218,0.6822,-1.7484516431,0.8535492837,ACGL
-2.1241324919,0.9241,-0.056449251,0.2001389415,ACHC
0.3644438426,1.484,0.808021436,0.4738818858,ACM
-1.4362792014,1.3305,2.6736675134,-0.7533617138,ACOR
-0.2926163461,1.2118,-0.0941711464,-0.2056239433,ACXM
0.3097039456,1.3313,0.4919956752,1.324239954,ADI
0,1.2999,0.6076669909,0.5011130931,ADNT
-1.2915139652,1.7437,1.4663575265,-1.2159379122,ADRO
0.5616189321,1.1522,-0.8849088624,0.980372123,ADS
0.9501824707,1.1045,-0.9717203087,-0.1483066718,AEIS
1.2429183119,1.9143,0.8652093373,-0.1700742189,AEL
-1.9332692308,1.2759,0.8613096466,-0.0080599853,AEO
2.6693229004,1.179,1.2504181491,-0.5411206333,AERI
-0.5905354824,1.0751,0.0483782525,0.6337264221,AES
-0.4025267348,1.4079,0.3883606013,-1.6785099564,AFI
0.9165243056,1.0658,-0.980372123,0.4116442209,AGCO
0.3790256208,0.7932,0.2525149153,-0.30840966,AGII
1.8517564529,1.1866,0.2414355305,-1.6569240375,AGM
-1.0535830937,0.8295,0.2276276902,1.9215502046,AGN
-0.5237760539,0.578,-1.0954674525,0.5442334814,AGNC
-0.0163305517,0.8205,-0.3523917608,-2.9463547368,AHH
1.077591562,1.2774,-0.2028806794,-0.8496883228,AIMC
1.1970928711,1.2938,0.1049711341,-0.7569347413,AIR
0.9290227291,0.9722,-0.9419952542,-0.1510235642,AIT
-0.3586329326,0.7865,-0.6469181978,0.5980010563,AIV
0.0381121516,0.9858,1.1828456853,0.4381085319,AIZ
0.8758575268,1,1.7009075804,0.8117508331,AKAM
2.9423487147,1.0713,0.9336541656,-1.2504181491,AKAO
-1.044147963,0.8819,-0.1646251761,-0.1049711341,AKR
-1.661395239,1.2531,0.7286137877,-0.0295572624,AKRX
0.8482327521,1.4724,-0.0806864433,0.2608447688,AL
0.5300298928,1.1002,-1.2103302431,-1.0524252226,ALG
0.6908097225,1.094,-0.1442333784,0.0080599853,ALGT
1.0631129609,1.1443,0.3225282778,0.876988226,ALK
1.2729376331,1.1077,0.7533617138,0.6702796638,ALKS
0,0.8231,-1.5501118021,1.391786239,ALL
-0.9983029765,0.6006,-1.0808973776,-0.8730484758,ALOG
1.9159253927,1.3253,0.8730484758,-1.1510004579,AMAG
-0.1255241875,1.2929,-0.6635681095,1.5238525377,AMAT
-1.8828721362,1.5269,0.118488508,-0.3710357125,AMBA
0.8404583126,1.4938,0.5225518237,-0.8849088624,AMBC
-0.4412027364,0.9256,-0.7043042805,0.2414355305,AMCX
1.8670883516,2.0585,0.4980693605,0.8888900655,AMD
-1.048853857,1.1332,-0.2221168298,-0.4859400856,AMED
-0.3557320248,1.5988,-0.0699093524,0.7286137877,AMG
-1.0679142924,1.3284,-0.9461904682,2.1293398605,AMGN
1.0209572328,1.1169,-0.6206440204,-1.1937313698,AMRI
-0.9374362494,0.8722,-0.7077513571,1.6360836608,AMT
1.7944146262,1.2744,-0.4980693605,1.2742570086,AMTD
-0.3383883192,1.203,-1.8885688453,2.6736675134,AMZN
0.9674215661,1.2345,2.1843177583,0.6770215477,ANET
-2.9423487147,1.3284,1.1882709266,-1.1562267414,ANF
-0.4866689643,0.9423,0.2138631147,-1.646414467,ANGO
-0.8560588018,0.9838,-1.4822880538,0.6837943458,ANSS
0.3011491542,1.4544,-0.4204327519,-0.2303857045,APAM
1.0873708143,1.5242,0.3566831169,1.4986039009,APC
0.0462843601,0.4756,0.2248714064,-0.2580661681,APFH
0.6166595857,1.1159,0.6320852243,-1.1882709266,APPF
-0.0926681389,0.7879,-0.0107467375,-1.4060816089,ARA
2.2418223586,1.5655,0.3999753057,-1.2103302431,ARCB
1.2668421805,1.4822,1.8728199829,-1.6259245727,ARDX
-0.2502568703,0.9579,-1.6569240375,0.7858762691,ARE
0.1118197331,0.7631,-0.5133349476,-0.4708781393,ARI
-0.9717764369,0.772,0.4499685485,0.6940128198,ARMK
0,2.2198,0.8192437224,0.9461904682,ARNC
-0.3011491542,0.8649,-0.2248714064,-1.1992276397,ARR
0.2222693191,1.3629,-0.718143501,0.4589051911,ARRS
0.1145588621,1.2211,1.0067795401,0.5567381847,ARW
0.9849530717,1.1494,-0.0403104042,0.2580661681,ASB
0.2784418711,1.4089,0.6320852243,-0.1022700383,ASGN
0.2278522192,1.2613,-0.1049711341,-0.4738818858,ASTE
-0.791106836,2.0584,1.0760913854,-0.2414355305,ATI
0.9587664016,0.7295,-0.0483782525,-0.6535563997,ATNI
-1.1379115029,1.5548,0.1946599543,-0.9253775343,ATROB
0.1557608915,1.52,-0.3452538517,-0.5011130931,ATU
-1.0301670465,1.0222,2.4071589577,1.4663575265,ATVI
-1.2312187987,1.1748,-0.6076669909,-1.5682301162,AVAV
0.3819515727,1.1193,-0.3523917608,-0.0483782525,AVX
2.0988444062,0.2868,0.5349105933,-0.4589051911,AVXS
-1.0873708143,1.0218,-0.8535492837,-0.2248714064,AWI
-1.8991394338,1.7814,1.0954674525,-0.7216247998,AXON
-0.701212409,1.15,-0.7969000009,0.601216786,AXTA
-1.4439559836,1.1395,-0.4058028563,0.7533617138,AYI
-0.2474496408,0.7729,-0.3681591672,1.2329947944,AZO
0.3615368616,1.1975,0.4708781393,-0.0403104042,B
0.6298800403,1.1229,-1.0247816261,2.0573037137,BA
-1.0255512661,1.2138,0.4529434031,-0.6871925241,BABY
-1.8670883516,0.8631,2.5183704399,-0.9295078907,BANC
0.7799907695,1.5314,1.3051134085,-0.8343693502,BATRK
-1.2026835406,0.9971,-0.1442333784,0.5133349476,BBBY
0.8098543572,1.061,-0.6568863134,1.5324885163,BBT
0.0136086083,0.9917,0.3710357125,0.9890979516,BBY
0.6232561963,1.3662,-0.7533617138,0.4351531965,BC
-1.077591562,1.3999,0.8043032435,-0.8305701456,BCC
0.2055613762,1.1785,1.9215502046,-0.0779913408,BCO
1.4836809068,0.754,1.2215840806,-1.5069136294,BCOR
0.6398680072,0.8609,0.5804233638,-0.0645239284,BCPC
-0.2699641432,0.979,0.0995696885,0.0107467375,BDN
0.4958811241,0.9366,0.123901387,-1.4133383261,BEAT
-1.4286861423,0.7664,-1.5412403251,1.1432194681,BF/A
-1.1970928711,0.8443,-2.0146220452,1.1432194681,BF/B
0.2194804758,0.8109,1.4431373659,0.8192437224,BG
0.8327343431,2.0223,1.5153287356,-1.1828456853,BGC
0.7873906763,1.1973,0.3681591672,0.0995696885,BGCP
0.7985721442,0.7798,0.5164023582,-2.5882568509,BHBK
0.8599915463,0.9413,0.9934892288,-0.4980693605,BHE
-0.7726333295,1.4664,0.5318133069,-0.2552895583,BID
-0.6634263319,1.218,0.5947914985,-0.1919226607,BIG
-2.0519582071,1.2209,1.1562267414,-0.0618319278,BKD
-0.768970259,0.7547,0.3941613068,0.4708781393,BKFS
-0.7799907695,1.2664,1.17209839,-1.2682295983,BKS
-0.0272197374,1.0233,-0.4648833349,-0.569330558,BLD
-1.3991077529,1.4032,0.3395561802,-0.5980010563,BLDR
-0.2812722032,1.2786,-0.4292538775,1.8140648749,BLK
-0.6702248878,1.3786,1.857522379,0.1510235642,BLKB
-0.6298800403,0.9472,-0.3595476696,0.9419952542,BLL
-1.1589630986,1.1582,-0.3027795385,1.0247816261,BMRN
0.867897227,1.4127,0.4087217953,-0.353821488,BOFI
0.3441579948,1.1993,-0.30840966,-0.183719316,BOX
0.1172988509,1.4174,0.7043042805,-0.7677123587,BPMC
0.0217748218,1.31,0.9504024015,-0.2999680839,BRC
1.5899993037,1.0421,-0.1973987071,-0.7822228784,BRKL
-0.6265646819,0.9718,0.4174996655,0.249742215,BRKR
0.6736357982,0.8783,-0.9130800751,0.5102723593,BRO
0.0435599741,1.0663,-1.0023297646,-1.3307243046,BRSS
-0.687358762,0.7139,0.0914729141,0.3796839113,BUFF
1.117352472,0.832,-0.6271718037,-0.7356385481,BUSE
-0.7187212239,0.7926,-0.6940128198,-1.1458054252,BW
-1.0209572328,0.8827,0.5883906734,-0.0214947164,BWLD
-0.8404583126,0.9443,-1.4206702425,1.227269463,BXP
1.0824682481,1.2279,-0.3281936175,0.0268695595,BXS
1.0118332131,1.3457,0.0699093524,2.1843177583,C
-0.6465622301,1.0587,-1.2301270884,0.9760370833,CA
-0.0544596609,0.7841,-1.7124339867,1.1003761298,CAG
0.7508071436,1.326,0.7969000009,-0.6436097747,CAL
-0.3412717369,1.2291,-0.5598779337,-1.9215502046,CAMP
-0.429234686,1.2887,2.0801323224,0.0295572624,CAR
-1.3569094332,0.77,-0.5630232116,0.3452538517,CASY
0.2615057741,1.2646,-0.1211945036,1.7609773933,CAT
0.6133713339,1.0229,1.6360836608,-0.2971589984,CATM
-2.0091914932,1.1384,0.7216247998,-1.3708619124,CATO
0.701212409,1.1961,-0.5980010563,0.0510682092,CATY
0.0490090897,1.529,-0.2083687555,0.3281936175,CAVM
0.9938333285,0.8316,-0.8730484758,-0.4087217953,CBF
-0.2418410031,1.2677,1.1202815929,0.8809416358,CBG
-0.5144334631,0.9102,-0.4678786353,-1.0023297646,CBPX
-0.4084364038,0.7428,-1.3210185568,0.2775595559,CBRL
0.8560588018,1.0752,-0.601216786,1.3777697652,CBS
0.5331645878,0.8483,-0.4919956752,-1.3178108103,CBZ
0.5648083515,1.0383,0.235907017,-1.1667751647,CCC
1.304150098,1.0714,0.3595476696,-1.0954674525,CCF
-0.4113965831,1.0708,-1.6360836608,0.6109015821,CCK
0.429234686,1.0696,-1.0067795401,-0.3367114844,CCOI
-0.3499391501,1.0444,-1.0857284665,0.7391645668,CDK
-0.5269003974,0.9228,-1.5238525377,0.6736467784,CDNS
0.8174334231,1.1228,-1.9945874954,0.9253775343,CE
0.9630849655,1.4498,-2.319565096,-0.123901387,CEB
1.0727403695,0.6918,-0.5225518237,-0.4028873707,CENTA
-2.0748313113,0.9375,1.0270552972,1.1355070843,CERN
0.471406177,0.8131,-1.2301270884,-0.2691927612,CFFN
0.715201963,1.0776,-0.5851992946,-0.8574230105,CFNL
0.1585163403,1.0878,1.1003761298,0.1537415719,CHH
-0.896005682,1.5828,1.6785099564,-0.8005961373,CHRS
-0.0190526162,0.7011,-1.2563110547,0.8343693502,CHRW
-0.4744498485,0.8065,0.1673490763,-2.5183704399,CHUY
0.1530066247,1.3881,-0.2414355305,0.178257314,CIEN
0.1806051358,0.7249,0.2552895583,0.1619024967,CIM
-0.2954582183,1.5006,2.5882568509,-0.8928854077,CIR
-1.1122860012,0.7994,0.2111151385,1.8281695079,CL
-0.7046968465,1.2747,-1.1202815929,-1.2445683488,CLDT
0.4322208729,0.9652,-1.0760913854,0.0726028151,CLH
-0.177839434,1.1207,-0.3941613068,-0.110375644,CLI
-0.9165243056,0.6216,-0.5041614753,1.0857284665,CLX
1.9698118772,1.2128,0.1510235642,0.9336541656,CMA
2.0748313113,1.3329,0.6804040454,-1.9753229426,CMCO
0.0299424877,0.9801,-0.6719622688,0.1455908736,CMD
0.3326298863,0.9253,0.0107467375,1.5774856751,CME
-0.8798585547,0.4142,-0.4469976707,0.904957932,CMG
-0.6398680072,1.0606,-0.8043032435,-0.0887753475,CMPR
0.9374362494,0.9122,-0.3112283798,0.8381806365,CNA
0.2166933384,1.0545,-1.1152637696,-0.718143501,CNMD
1.6834346096,0.9994,0.0080599853,-1.1774550375,CNOB
1.0027926579,1.3186,-0.714670884,1.6159305724,COF
-0.9761498157,1.0467,-0.808021436,0.7969000009,COH
0.4653318759,0.9987,-0.5724927294,-0.4499685485,COKE
0.070821738,1.0005,-1.9215502046,0.8928854077,COL
1.4675124711,1.2002,-0.0349333284,-0.1755283162,COLB
-0.6365316366,1.0314,1.8140648749,0.2525149153,COLM
-0.6736357982,0.877,-0.7932147193,0.2552895583,CONE
-0.8060822252,0.7436,-0.4889656391,0.7462443386,COO
0.6068146249,1.2595,0.0403104042,1.786891764,COP
-0.9248405392,1.2141,-0.4116442209,-0.5225518237,CORE
-0.1200397206,0.9011,1.1774550375,0.1211945036,COTV
0.5144334631,1.4556,1.3988981897,0.3196994965,CPA
1.7181112234,0.8821,1.9388569709,-1.0431220986,CPLA
-0.7653174778,1.2032,1.2445683488,0.2831481969,CPN
-1.3777019432,1.6176,2.319565096,-1.0808973776,CRAY
0.2699641432,1.434,1.2988428776,-0.0995696885,CREE
-1.3169979697,0.688,0.183719316,0.2887456955,CRI
-0.7257866075,1.0952,1.1458054252,0.2943522557,CRL
0.6702248878,1.0657,2.7846195099,-1.8140648749,CRY
-0.4232737441,1.4557,0.937816554,-0.263625385,CRZO
-0.8482327521,1.2811,0.3825729342,-0.9717203087,CSII
-0.2586905001,0.8536,-0.0053732912,0.5756606358,CSL
-0.7616748796,1.2869,1.2387608306,-0.159181017,CSOD
0.3383883192,0.7428,0.1144311345,-1.7484516431,CSWI
1.330066992,1.2582,-0.5883906734,1.6259245727,CSX
-0.4143603718,0.8975,-0.958877266,0.9130800751,CTAS
-1.0631129609,1.0947,-1.0431220986,0.9717203087,CTL
-0.1806051358,0.6837,-0.7895401793,-0.8809416358,CTRE
0.3528341074,1.3298,1.391786239,-1.2622479135,CTS
0.1750750919,0.6592,-1.4903963835,-1.7124339867,CTWS
-0.5300298928,1.1991,1.4280793354,-0.5788343298,CUB
1.6095695661,0.8071,-0.8343693502,-1.4431373659,CUNB
0.2139078833,1.0402,0.5630232116,-0.2803527818,CVA
0.4173278047,1.0341,-0.5756606358,2.3611004766,CVX
-0.4262523218,1.0961,1.0157394358,1.1882709266,CXO
1.9512148978,1.133,0.7932147193,0.2331454723,CXW
-1.3366875512,1.3366,3.2709651014,-0.5041614753,CYNO
1.5258957447,1.1671,0.083382132,1.5069136294,DAL
1.3777019432,1.4436,-1.689602822,-0.0053732912,DAN
-0.8838737174,1.2452,-0.178257314,-0.2775595559,DAR
0.5113292579,0.9392,-0.6669201315,-1.1614847983,DCOM
0.2530660733,1.4629,0.4738818858,0.4678786353,DCP
-0.4805504377,0.881,-0.5504750734,0.3168732712,DCT
-0.2055613762,0.7791,-1.2215840806,1.857522379,DD
-1.1696840937,1.6003,0.6239045888,-0.3310302311,DDD
-1.2547904737,1.0996,1.227269463,-0.3225282778,DDS
-0.1640308723,0.5739,-0.1891868045,-1.3372650959,DEA
-1.5525897639,1.3081,1.6060954135,-0.4322016568,DECK
0.6199545188,0.9659,1.646414467,-0.9009191719,DENN
-0.715201963,0.7152,0.958877266,-0.8888900655,DEPO
0.7544198151,1.141,-0.6502337171,1.3708619124,DFS
0.1640308723,0.8623,-1.857522379,0.9674215661,DGX
0.2306463238,0.884,0.2442025464,-1.4355676626,DHIL
-0.584067633,0.9334,-1.786891764,1.7737856862,DHR
0.9082709805,1.1559,1.0202501038,-0.6905986564,DIOD
0.3470471226,1.0244,-1.7361943565,2.2468179939,DIS
-0.1447506985,1.1233,0.1864523635,1.093022984,DISCA
-0.1172988509,1.0962,-0.1266091785,1.093022984,DISCK
1.6723133896,1.6097,0.30840966,-0.5820138648,DK
-0.5712045112,1.3389,-0.4499685485,1.1774550375,DLPH
-1.3235042242,1.218,0.6271718037,-1.3572390965,DLTH
-0.2083419257,0.8067,0.7497982784,0.3854651538,DNKN
-0.6068146249,1.1199,1.4133383261,-0.2469714333,DNOW
-0.4322208729,1.5438,1.1053114651,-0.1891868045,DO
0.1420009419,1.1699,-0.1293178986,-0.1320275679,DORM
-0.1392522586,1.1685,-1.4742760224,0.9090115077,DOV
-0.0353886746,0.9208,-0.8691222304,1.8728199829,DOW
-0.5744113592,0.9383,-0.9934892288,0.6905986564,DOX
-3.2673024022,1.3133,-0.5567381847,-0.9461904682,DPLO
-0.6600385379,0.8515,-1.0618203355,0.7008655525,DRE
-0.0872027986,1.2318,-0.8574230105,-0.2138631147,DRH
-1.0972551773,1.1126,-1.3210185568,0.1946599543,DST
-1.8368478746,0.7335,0.4028873707,-0.4145701665,DSW
-0.6566583025,0.5326,-0.0134335673,1.7009075804,DUK
1.4439559836,1.3302,0.4233694598,-0.2831481969,DV
-0.3644438426,0.8395,-0.0645239284,0.958877266,DVA
0.7763067966,-0.033,-1.9048005518,0.9978997479,DVMT
-2.179211488,1.204,0.1483066718,0.5851992946,DXCM
-1.148373685,0.7298,-0.0968700646,-0.2442025464,EAT
1.1805412451,1.8949,-0.9674215661,-1.0857284665,ECPG
-0.8443391531,3.115,2.9463547368,-0.9631406267,EDIT
-0.2615057741,0.7671,-1.3572390965,-0.3481068845,EE
1.363774855,1.0427,0.0752968047,-1.0293342902,EFSC
0.4532343201,1.021,-0.2345260211,-0.2719795706,EGBN
-0.0462843601,1.2007,0.9130800751,-0.6206440204,EGHT
0.0735504767,1.4717,1.1406411333,-0.7713247438,EGL
1.4137423433,1.1366,-1.0339083897,-0.7321216519,EIG
-1.3847668237,0.8619,-0.6109015821,1.4133383261,EL
0,1.2936,0.7749472223,-0.7077513571,ELF
-1.4675124711,0.9651,1.3708619124,0.0591403752,ELLI
0.1502535182,1.0278,-0.4708781393,-1.689602822,EMCI
0.4412027364,1.1301,-0.9847256652,0.8613096466,EMN
1.706323405,0.74,-3.2709651014,0.5287211139,ENH
0.3068498603,1.3231,-1.2742570086,0.1401624767,ENS
2.3562961071,1.4349,0.2028806794,-1.9048005518,ENTA
-1.0583360127,1.2381,-0.3739153313,-0.4351531965,ENV
-0.6232561963,1.1329,-0.2831481969,0.3395561802,EPC
2.179211488,1.6838,0.9978997479,-1.2988428776,EPZM
-0.5175426334,0.7264,-1.0665532218,0.235907017,EQC
-0.4173278047,0.7127,-0.5947914985,1.3572390965,EQIX
-0.0981362486,0.7922,-1.3051134085,1.2622479135,EQR
0.1861407083,1.3504,-0.5072145497,-1.2215840806,ESND
0.6035460447,1.0867,-0.6239045888,0.123901387,ESNT
1.0535830937,2.218,2.2144871743,-1.857522379,ESPR
-0.6100897009,0.8225,-0.5256339681,0.1130790985,ESRT
-0.6804812615,0.9168,-1.0202501038,1.5868783777,ESRX
-0.1282678271,1.2277,1.1614847983,-1.5774856751,ETM
-0.435210919,1.2022,-0.9212629047,1.4431373659,ETN
-0.8250597377,0.6965,0.0322451789,0.9504024015,ETR
0,2.1785,0.6635681095,-2.319565096,EVBG
-0.4562524272,0.9231,-2.6736675134,-0.1374498363,EVER
-2.4543209883,1.076,1.324239954,-0.5947914985,EVH
-1.6401345279,0.863,-1.3438636038,1.1510004579,EW
-1.9159253927,1.0799,0.6837943458,-0.2608447688,EXAS
-0.1118197331,0.6125,-0.2691927612,1.4507906771,EXC
0.6532855534,1.0799,-0.2166127069,0.3970666285,EXP
-0.2784418711,0.8151,-1.7009075804,0.7822228784,EXPD
0.4143603718,1.0727,-0.9978997479,-0.5442334814,EXPO
-1.3707051658,1.0607,1.2742570086,-1.038504224,EXPR
2.5837949588,1.6603,1.1937313698,-0.7785798985,EXTN
0.2671425702,1.6291,0.3367114844,-1.5591069833,FARO
-0.1310124327,0.9834,-1.3505211485,1.0023297646,FAST
-0.6166595857,1.0775,-1.1458054252,2.5882568509,FB
-0.8174334231,0.8719,1.8281695079,-0.4829189739,FBC
-1.2488323902,1.1137,-0.083382132,0.4919956752,FCE/A
0.9544656451,1.2563,0.3055933884,0.3225282778,FCNCA
1.4362792014,2.3239,0.7008655525,1.17209839,FCX
0.3731834088,1.1632,-1.1562267414,1.6785099564,FDX
1.048853857,1.7108,1.7361943565,-0.3395561802,FET
0.791106836,1.2342,-0.6602235269,0.0161204942,FFIN
0.3211458161,0.6901,0.8420041371,-2.104099426,FFWM
1.3501073789,1.1568,-0.2552895583,0.3595476696,FHN
-0.7763067966,1.1384,-0.7713247438,0.2664080409,FICO
-0.9893834473,1.2105,-0.3825729342,-0.0241820506,FII
-0.1861407083,0.9249,-0.9890979516,1.2864527415,FISV
1.5086864263,1.1772,0.3112283798,1.2103302431,FITB
-1.5710197242,0.8504,0.8968950539,-0.2525149153,FIVE
-0.5584352156,0.8653,0.0214947164,-0.0510682092,FIZZ
1.0301670465,1.077,-0.3883606013,-1.4903963835,FLIC
0.0899351329,1.9815,1.1355070843,-0.5724927294,FLOW
-0.471406177,1.3785,0.1537415719,0.6535563997,FLR
-0.5363045306,1.2471,0.9009191719,0.5318133069,FLS
1.164306868,1.1486,-0.3566831169,-0.3055933884,FMBI
2.2767475888,2.2536,1.5774856751,-0.056449251,FMSA
-1.0073026444,0.9036,1.1667751647,-0.3970666285,FN
1.2083120557,1.0638,-0.3140495746,0.1076729959,FNB
-0.1557608915,1.4534,0.8005961373,-2.0146220452,FOR
-0.2897768352,0.9035,1.7484516431,-1.4507906771,FORR
-1.5997078511,1.8291,2.3611004766,-0.9130800751,FOSL
0.3995771766,1.0683,-0.2111151385,1.7241925006,FOX
1.3235042242,1.0059,0.4799022634,-0.9171638133,FOXF
-0.4653318759,0.9194,-1.1992276397,0.0429993695,FR
0.7726333295,1.0862,-0.3395561802,1.0067795401,FRC
-1.304150098,1.363,0.4381085319,0.1809876401,FSLR
1.0583360127,1.2121,-0.0241820506,1.0202501038,FTI
-2.5138081197,1.3302,2.0573037137,-1.391786239,FTK
-0.1833722197,1.3014,-0.0901240488,-0.1347382069,FUL
1.5617384368,1.3161,-0.3970666285,-0.178257314,GATX
1.2607934368,0.8379,0.2303857045,-1.324239954,GBNK
-1.1750953546,1.9645,1.8885688453,-0.9090115077,GBT
-1.092299656,1.4715,-0.7356385481,-0.3509627535,GCP
0.4805504377,0.9584,-1.646414467,1.7484516431,GD
0.200005019,1.0608,-1.5324885163,0.3912593084,GGG
-2.3146927966,1.3715,0.9760370833,-0.6602235269,GIII
-0.8288909378,1.0781,1.5682301162,1.9753229426,GILD
-0.5426003549,1.7524,0.1293178986,-0.6635681095,GIMO
0.7328884094,1.3012,1.0524252226,-0.0537585356,GLNG
-1.7301427304,0.9545,0.7785798985,-0.7391645668,GLOB
0.9248405392,1.8215,-0.0295572624,-0.6669201315,GLOG
0.1310124327,1.1305,0.3452538517,-0.8613096466,GLT
-1.3919015057,1.344,-0.0214947164,-0.0914729141,GME
-0.0136086083,1.0127,-0.9009191719,-0.0726028151,GMED
1.9891161676,1.5679,0.2775595559,-1.6159305724,GNBC
0.002721641,1.2305,1.2803310712,-0.0968700646,GNRC
0.3761029102,1.1246,-1.1614847983,0.4859400856,GNTX
0.4502203359,0.958,-0.172800625,-2.3611004766,GOOD
-0.2869396588,1.2536,-2.104099426,3.0695768158,GOOG
-0.3211458161,1.2245,-1.9388569709,3.0695768158,GOOGL
-1.5346725657,1.0845,-0.1483066718,-0.6076669909,GOV
1.4517188186,1.3004,0.3140495746,-0.4174996655,GPI
-1.2254317377,0.8985,0.876988226,0.30840966,GPK
-0.6839159681,1.0627,-0.6974350922,0.8652093373,GPN
-1.9891161676,1.011,0.7462443386,0.0456886458,GPOR
0.0762797633,1.6528,1.4507906771,-1.0247816261,GPRE
-1.1805412451,1.1614,0.8305701456,0.7677123587,GPS
-0.9674215661,1.0892,0.9212629047,0.083382132,GRUB
1.9332692308,1.2492,-0.6871925241,2.0354994574,GS
0.03266546,1.3581,0.8343693502,0.711206864,GT
0.6634263319,1.4749,-0.1946599543,-0.7286137877,GTLS
1.1122860012,1.1809,-0.444030733,-0.1401624767,GWB
-0.2362399627,1.4716,-0.7391645668,0.3566831169,GWR
-0.4532343201,1.1189,0.5536039146,0.5883906734,H
0.6770545639,1.4001,-0.2442025464,-0.0456886458,HA
1.3707051658,1.2236,0.29154783,-0.8043032435,HAFC
-0.0899351329,0.9579,1.3640188625,0.1755283162,HAIN
1.4211745714,2.3525,0.9717203087,-0.4648833349,HALO
1.092299656,1.4342,-2.5882568509,0.6469181978,HAR
-0.3966310905,0.8508,-1.0157394358,0.9009191719,HAS
-1.5002467841,1.0837,-0.937816554,-1.0339083897,HASI
0.1447506985,1.632,0.7569347413,-2.2144871743,HAYN
1.5710197242,1.178,-0.4381085319,0.2442025464,HBHC
0.3878133299,1.3138,0.980372123,-1.5501118021,HDP
0.2586905001,1.3064,0.0672163967,-0.7497982784,HF
1.650671619,0.8675,-0.3652856649,-1.2742570086,HFWA
0.5680035266,1.2592,0.0429993695,-0.1946599543,HI
0.7081898611,1.0076,-1.2047603779,1.1304027923,HIG
-0.3761029102,0.9658,-0.2999680839,0.4174996655,HIW
-1.6947680251,0.9319,0.0188075374,0.4559222715,HLF
1.0163846464,0.8344,1.4822880538,-0.2747684938,HLI
0.447210436,1.0792,-0.6370139521,1.1562267414,HLT
0.6432115156,1.1256,0.5011130931,-0.4292538775,HMN
0.7436110191,0.724,-0.4829189739,-1.3505211485,HMST
-0.3878133299,0.7854,0.178257314,0.8305701456,HOLX
-1.6095695661,2.3725,0.8888900655,-0.980372123,HOME
1.3366875512,1.2216,-0.3481068845,-1.5964132035,HONE
1.1589630986,1.2503,0.3168732712,0.0241820506,HOPE
1.1431269535,1.3462,0.2999680839,0.6239045888,HP
-0.1530066247,1.6493,-0.9546312631,1.5501118021,HPE
-0.0408359114,0.9791,-0.8888900655,0.4263098234,HPP
-0.197229165,1.3004,-0.8496883228,1.3640188625,HPQ
-0.3268824623,1.1053,-0.7785798985,0.4204327519,HPT
1.0394650792,1.5648,1.2622479135,-0.1076729959,HQY
-1.3105469928,0.6513,-0.7749472223,0.172800625,HR
-0.6432115156,0.7998,-1.1053114651,0.2971589984,HRC
0.6600385379,1.6648,0.9546312631,-0.5883906734,HRI
1.6401345279,0.676,0.9253775343,-1.786891764,HSKA
-0.9000790654,0.6632,-1.1937313698,1.2682295983,HSY
0.1612729933,1.2143,0.6940128198,-1.0760913854,HT
-0.0571855432,0.9134,-0.9090115077,-0.7462443386,HTGC
1.1696840937,1.3109,0.1211945036,-0.0134335673,HTH
0.0054433022,1.0819,-0.3710357125,-0.4204327519,HUBG
0.2841047903,0.7372,0.569330558,1.4060816089,HUM
0.7222494089,1.2013,0.4351531965,-2.1560145444,HWKN
-1.164306868,1.2726,0.6535563997,-0.0268695595,HZNP
-0.871870471,1.6028,0.7677123587,-1.7241925006,HZO
0.6465622301,1.0694,-0.7569347413,0.4980693605,IAC
0.6942689296,1.1959,-0.123901387,0.2083687555,IBKC
0.0244971888,1.3318,-0.6436097747,1.0477623254,IBKR
-2.2094348646,1.247,1.2047603779,0.0752968047,ICPT
-0.1612729933,0.7347,-1.2504181491,0.263625385,IDA
0.5872984867,1.5834,-0.3253596423,0.0968700646,IDTI
-0.7985721442,1.0383,-1.2864527415,0.5947914985,IEX
-1.5435692248,0.7526,0.5724927294,0.7569347413,IFF
-0.1667899995,1.3539,0.6141425776,-1.3777697652,IIIN
-0.393688443,1.1417,-0.5102723593,-0.1809876401,ILG
1.0073026444,1.1834,0.1619024967,-0.9847256652,IMKTA
-1.650671619,1.5281,1.3572390965,-0.5380130198,IMPV
0.5905354824,0.9802,-0.2056239433,0.0214947164,INCR
1.2488323902,1.1088,0.5504750734,1.2803310712,INCY
0.2643231223,0.8862,-1.1667751647,-0.5851992946,INGN
0.2083419257,1.1774,-0.6173900369,-0.6109015821,INN
-2.2418223586,0.867,1.7737856862,-0.4410676988,INOV
-0.172312087,1.4391,0.9419952542,-0.958877266,INSM
0,5.51,-0.8420041371,-2.1293398605,INSW
-2.2767475888,1.0147,1.8426475059,-1.2047603779,INSY
-0.3673539066,0.7925,2.104099426,-0.0429993695,INT
-0.4774979217,0.7922,0.6871925241,-0.6403083813,INVA
0.4232737441,0.9203,1.1304027923,-0.4233694598,IOSP
-0.2390395455,0.9824,0.8230074597,0.7605174584,IPG
-0.0081650037,1.2278,0.7077513571,0.5349105933,IPGP
-2.780418909,0.8884,1.110273871,-0.8192437224,IPXL
0.169550397,1.1524,-1.4133383261,1.2215840806,IR
1.7809625633,0.9075,1.9945874954,-0.5287211139,IRBT
0,0.6478,1.4903963835,-1.1202815929,IRTC
0.4025267348,1.3488,0.714670884,-0.1211945036,IRWD
1.2026835406,1.0989,-0.4322016568,-0.1455908736,ITRI
0.2334422302,1.3212,0.6702796638,0.1973987071,ITT
-1.2139791128,1.3548,-0.0161204942,0.6635681095,JAZZ
0.6668217572,1.0844,-0.6804040454,0.845839987,JBHT
0.1036072942,1.2945,-0.0995696885,0.3624151757,JBL
-0.2643231223,0.9945,-0.2001389415,1.5412403251,JCI
0.7580423598,1.0568,0.3509627535,0.2469714333,JCOM
-0.3097039456,0.8585,-1.1003761298,0.604438745,JKHY
0.8250597377,1.0786,-1.5868783777,0.808021436,JNPR
-0.6770545639,1.1664,0.5661740693,-0.6736467784,JOE
-0.3819515727,1.9227,-2.9463547368,-0.0161204942,JOY
0.5584352156,0.755,0.6502337171,-0.6702796638,JRVR
-0.867897227,1.2182,-0.9631406267,0.1022700383,JW/A
-1.2370473896,1.2046,1.1992276397,0.6568863134,JWN
-0.1090814427,0.916,-1.4431373659,0.5380130198,KAR
1.6195903495,1.0526,-0.4028873707,-1.6360836608,KBAL
0.4113965831,1.0673,-0.263625385,-1.110273871,KELYA
1.1536522211,1.2554,0.2001389415,0.2248714064,KEX
0.6002839,1.0266,-0.2719795706,0.547351612,KEYS
-0.1145588621,1.629,0.4116442209,-2.4589720191,KEYW
0.5051355604,1.0861,-0.9504024015,0.9847256652,KLAC
1.0679142924,0.9139,0.3338695107,-0.5630232116,KLIC
0.6977364644,1.4115,0.0968700646,-0.083382132,KLXI
0.6566583025,1.4248,0.5287211139,-0.2221168298,KMPR
0.3182814631,1.4787,0.1919226607,0.0537585356,KMT
0.1255241875,1.2526,-0.3338695107,0.9212629047,KMX
0.5363045306,1.771,0.3310302311,-0.4058028563,KN
-1.5617384368,0.8944,1.786891764,0.5194746354,KORS
-0.4502203359,0.8485,-0.0456886458,1.4280793354,KR
-1.8223367267,1.115,0.1076729959,-1.1304027923,KRA
-1.580438351,0.9504,0.0645239284,-0.3196994965,KRG
0.2727878671,0.7139,-0.7497982784,-0.6173900369,KRNY
2.3146927966,1.8669,0.6173900369,-0.4469976707,KRO
1.1860223746,1.6146,0.845839987,-0.2111151385,KS
-0.8919471115,1.1294,1.038504224,0.6206440204,KSS
0.393688443,1.0599,0.2221168298,-0.711206864,LABL
0.7616748796,1.4931,1.0571111154,-0.1157833798,LAD
0.136504627,0.8342,-0.0026866359,-0.5256339681,LADR
0.2418410031,1.4417,-0.5915880562,0.4529434031,LAZ
0.0790096181,0.8132,-1.7609773933,1.0408103869,LBRDA
0.0653658217,0.8271,-1.9753229426,1.0408103869,LBRDK
-0.0817400618,1.1002,-0.2386703619,1.4355676626,LBTYA
-2.4024278967,1.0078,1.4986039009,-1.1355070843,LCI
0.7187212239,1.3604,0.172800625,-0.8691222304,LDL
-1.2729376331,0.6973,1.1510004579,-1.6676198705,LE
1.1022377917,1.2026,-0.1320275679,0.444030733,LGF/A
-0.3297548127,1.2382,-0.2580661681,-0.2331454723,LGND
0.896005682,0.6539,0.0241820506,-1.0713101206,LHCG
1.4063873973,0.9294,-0.249742215,-1.6060954135,LION
1.0348048801,1.0173,-0.1076729959,-0.7605174584,LKFN
0,0.6579,0.2580661681,-1.0618203355,LKSD
-0.1502535182,1.069,-1.6159305724,1.0339083897,LLTC
-0.7116915379,0.7322,-0.8652093373,1.9388569709,LLY
-0.1420009419,0.7745,-2.0801323224,1.9048005518,LMT
1.8081994677,1.5142,0.1347382069,1.0665532218,LNC
-0.4623011658,0.9898,-0.0537585356,-1.125327783,LNN
-1.1022377917,1.5472,0.3739153313,-2.2816834041,LOCO
0.5776241253,1.1043,1.5501118021,0.3941613068,LOGM
0.5206568148,1.4458,0.8849088624,0.1374498363,LPI
1.1275724128,1.3089,0.0726028151,0.183719316,LPLA
-0.3182814631,0.9113,-0.4529434031,0.4648833349,LPT
-0.3907492005,1.2372,1.2563110547,0.1646251761,LPX
-0.2558772749,1.2332,0.4559222715,0.9295078907,LSXMA
0.852139253,1.29,0.5256339681,0.7251148664,LUK
-1.4137423433,1.1028,-0.0779913408,0.718143501,LULU
0.5552571494,1.0552,-1.6785099564,1.1992276397,LVLT
-0.5680035266,0.952,-0.7822228784,0.2028806794,LVNTA
0.2250598923,1.1354,-0.8192437224,1.5682301162,LVS
-0.0680935265,1.1459,-0.3310302311,-0.0699093524,LXP
-0.3731834088,1.2272,1.2103302431,-0.4559222715,LXRX
0.1200397206,1.235,0.5133349476,-0.5756606358,LZB
-1.7549861776,1.0024,0.6109015821,0.7785798985,M
0.177839434,1.0077,-1.8426475059,2.104099426,MA
-0.2250598923,0.7678,-1.3988981897,0.8420041371,MAA
-1.2196854281,0.7739,-0.1157833798,0.7426997994,MAC
0.8919471115,1.2074,-0.876988226,0.5536039146,MAN
0.2897768352,1.0792,-1.110273871,1.4822880538,MAR
-1.0027926579,1.1398,0.159181017,0.8043032435,MAS
0.3355077121,0.9401,0.5102723593,0.3055933884,MASI
1.7424300315,0.9183,0.9090115077,-0.904957932,MB
0.6804812615,1.1618,-0.6403083813,0.2111151385,MBFI
1.6297764569,1.0865,0.1374498363,-1.9567647436,MBWM
-0.3240128063,1.314,1.1152637696,1.0293342902,MCHP
-1.8081994677,1.0564,0.2469714333,1.4206702425,MCK
0.3412717369,0.9169,0.6974350922,0.0860784268,MCY
-0.1227814924,1.1226,0.4859400856,-0.5598779337,MDC
-0.2194804758,0.9844,0.6770215477,1.8426475059,MDLZ
0.0626386032,1.2675,-0.2608447688,0.0053732912,MDP
-0.6532855534,1.4331,2.1560145444,0.0941711464,MDSO
0.5175426334,0.6861,-1.1304027923,-0.2386703619,MGEE
2.5138081197,1.4054,-0.604438745,-1.4822880538,MGI
1.3847668237,1.1879,-0.5318133069,-0.376798054,MGLN
-0.6977364644,0.9863,0.0591403752,1.0713101206,MHK
-1.4517188186,0.9327,0.718143501,1.0571111154,MJN
0.3702670849,1.2021,0.4292538775,-0.1537415719,MLI
-0.7873906763,1.1203,0.7822228784,-0.8420041371,MMI
-0.7081898611,1.2826,0.2719795706,0.2166127069,MMS
-2.1508566816,1.3949,0.7605174584,0.4618921996,MNK
-0.4592746961,0.8274,0.7356385481,-0.3624151757,MNRO
-1.4211745714,0.7838,-0.8968950539,1.2988428776,MNST
1.3105469928,1.2347,-0.0510682092,-0.6271718037,MNTA
-0.2139078833,0.6948,-1.4280793354,2.1560145444,MO
0.0544596609,1.3945,-0.3196994965,-0.1619024967,MOG/A
-0.4442045822,0.7476,-1.5964132035,1.646414467,MON
-1.191539369,0.8253,-1.9567647436,0.1428761489,MORN
0.2756137677,1.1978,0.5072145497,0.8574230105,MOS
-0.5552571494,1.1933,1.5964132035,-2.0354994574,MPAA
0.6365316366,1.5007,0.1564607158,1.3505211485,MPC
-0.4958811241,0.8078,-2.2144871743,-0.604438745,MPSX
-1.5258957447,0.9433,-0.4559222715,0.3112283798,MPW
1.4286861423,1.5015,0.249742215,-0.3253596423,MRC
1.8223367267,0.9801,-0.0860784268,-2.0573037137,MSBI
1.5525897639,1.2519,-0.2664080409,0.5225518237,MSCC
1.8991394338,1.0495,0.1891868045,-1.1406411333,MSFG
-0.0244971888,1.1801,-1.4663575265,2.7846195099,MSFT
-0.7328884094,0.8584,0.2859458262,0.2999680839,MSG
1.044147963,0.7838,-0.4799022634,-0.4919956752,MSGN
1.3169979697,1.0305,-1.0905850295,1.3372650959,MTB
-0.2111240869,0.944,-1.3372650959,0.8968950539,MTD
1.0972551773,1.18,-0.2303857045,0.1919226607,MTG
-0.3470471226,0.6699,0.1428761489,-1.31143568,MTGE
-0.2671425702,0.7959,-0.6337264221,0.6076669909,MTN
1.2915139652,1.2352,1.2926230049,-1.3640188625,MTRN
0.3586329326,1.3055,0.5804233638,-0.9934892288,MTSC
0.5712045112,1.5689,0.8381806365,0.056449251,MTZ
1.2312187987,1.5078,0.3796839113,1.3307243046,MU
0.0272197374,1.5453,0.376798054,0.376798054,MUR
-1.706323405,0.7083,0.0268695595,-0.1646251761,MUSA
-0.6942689296,1.0606,-0.8809416358,0.937816554,MXIM
-1.491912668,1.0234,1.6259245727,-0.6837943458,MYGN
2.780418909,1.912,-0.2803527818,-0.2276276902,NAV
0.7836853587,0.8594,-0.3225282778,-0.4678786353,NAVG
1.2196854281,0.9427,0.2386703619,-1.1003761298,NBHC
-1.2790807516,1.6277,1.2159379122,0.2221168298,NBIX
-0.0735504767,1.1876,-0.0268695595,1.0524252226,NBL
0.7293329104,1.2474,-1.8728199829,0.8154915547,NCLH
-1.0163846464,1.0511,-0.6304457272,-0.7858762691,NCS
0.202782415,1.5033,-0.2138631147,0.5788343298,NDSN
0.8443391531,0.8207,-0.8230074597,-1.0571111154,NFBK
-0.4989611807,0.9801,-0.8117508331,0.3999753057,NFG
1.2978061288,1.4459,-0.1510235642,1.8003121645,NFLX
-1.7678252672,1.1456,0.4322016568,-2.0801323224,NLS
-1.7424300315,0.973,-0.0726028151,1.0618203355,NLSN
-0.5113292579,0.5568,-0.2775595559,0.8267828917,NLY
0.0571855432,0.7876,-2.2468179939,-0.845839987,NMFC
1.7678252672,1.2309,0.2331454723,-0.2664080409,NNI
0.172312087,0.8499,-1.5774856751,1.5964132035,NOC
0.8212406099,1.1555,-0.3912593084,-1.1053114651,NOVT
-2.0988444062,1.4219,0.7895401793,-2.4071589577,NPTN
0.9717764369,1.4168,2.2468179939,-0.5072145497,NSIT
0.6332023366,1.3977,0.3624151757,-0.3825729342,NSM
0,0.9322,0.7858762691,-0.3999753057,NTB
0.6100897009,1.1275,-0.3055933884,-0.8154915547,NTRI
-0.1036072942,1.2194,0.5756606358,0.3825729342,NUAN
0.836590089,1.2748,0.7641099641,1.1828456853,NUE
-0.2841047903,0.9996,-0.9253775343,0.2056239433,NUVA
-0.5489177604,0.7916,-1.2803310712,0.5915880562,NVR
-1.7809625633,1.0977,-0.3999753057,-0.0188075374,NVRO
0.5426003549,0.9233,-1.8140648749,-0.3796839113,NWBI
-1.5172349179,1.2334,1.0477623254,0.6403083813,NWS
0.545756335,1.6661,-0.110375644,0.0699093524,NXST
0.4623011658,1.0875,-0.2887456955,-0.3452538517,NXTM
0.0599118506,0.8953,-0.6837943458,0.6141425776,NYCB
1.580438351,1.6334,-0.118488508,-1.3438636038,NYNY
2.0519582071,0.846,-0.5380130198,-0.9890979516,OCFC
0.1227814924,0.727,1.4206702425,-0.3739153313,OCLR
0.794833953,1.1071,-0.0376217303,0.6370139521,ODFL
0.2362399627,0.7021,-1.2926230049,0.5820138648,OGE
-1.0394650792,0.7851,0.9847256652,0.5164023582,OHI
-0.3702670849,1.3818,-1.0477623254,0.0645239284,OI
-0.0599118506,1.2848,0.4589051911,-0.0591403752,OII
0.980541945,1.3259,1.5324885163,-0.3652856649,OIS
-0.7400273689,1.6423,0.6469181978,0.1320275679,OLED
-0.2334422302,1.0074,0.3424036265,-0.3140495746,OLLI
0.0190526162,1.3236,0.1455908736,-0.4116442209,OMAM
-0.3848807982,0.9335,0.2664080409,1.1667751647,OMC
0.5020459781,1.4806,0.6669201315,0.5504750734,ON
1.1327268222,1.1917,-0.4410676988,-0.1130790985,ONB
-0.14750155,2.1561,0.0860784268,-0.3112283798,ONCE
-0.9416679882,1.0487,-1.4986039009,2.2144871743,ORCL
-0.3790256208,0.8614,-2.1843177583,0.4410676988,ORI
0.5808428647,0.8948,-1.0571111154,-1.227269463,ORIT
0.1944548299,0.9798,-0.711206864,-0.5567381847,OSIS
0.489735059,0.8136,-0.9336541656,-0.5504750734,OTTR
-0.9332212317,0.8766,-0.0080599853,1.6676198705,OXY
1.491912668,1.3061,0.1022700383,0.5630232116,OZRK
-1.3433672239,0.719,1.2329947944,0.0779913408,P
0.4744498485,1.3128,0.6403083813,0.3253596423,PAG
-0.852139253,1.4591,-0.7641099641,-0.249742215,PAY
-1.0118332131,1.4389,1.7241925006,0.0806864433,PAYC
0.7364531975,0.9718,-0.6905986564,0.4950302352,PBCT
0.0163305517,0.8634,-1.038504224,0.0322451789,PBH
-2.6693229004,1.963,1.689602822,-0.5536039146,PBYI
0.9416679882,0.8354,-0.1401624767,-1.7737856862,PCBK
-0.5808428647,1.1974,0.4889656391,-0.4618921996,PCRX
0.3039982723,0.9321,0.5041614753,0.2803527818,PDCE
-0.0954018372,1.0586,1.3178108103,0.6804040454,PE
1.5346725657,1.2111,0.4410676988,0.0483782525,PEGA
-1.4836809068,1.069,-0.2525149153,-0.3912593084,PEGI
-1.8517564529,1.1244,0.4469976707,-0.7251148664,PEI
-0.9082709805,0.4167,0.3854651538,-0.1293178986,PEN
-0.7436110191,0.8094,-0.8005961373,2.319565096,PFE
0.7472042446,1.2503,-0.7008655525,1.125327783,PFG
1.3919015057,1.7623,1.6159305724,-1.2926230049,PGNX
0.14750155,0.8877,-0.5536039146,1.2563110547,PGR
-0.9041674384,0.9187,-1.1774550375,0.2138631147,PGRE
-0.8879031803,1.115,0.2166127069,-1.8885688453,PGTI
0.3499391501,1.2121,-0.5287211139,1.1937313698,PH
-1.363774855,1.1072,-0.9760370833,0.5724927294,PHM
0.9893834473,1.0464,1.4060816089,-0.6770215477,PJT
0.1337580255,1.0165,-0.569330558,0.7043042805,PKG
0.4866689643,0.7163,0.5567381847,-1.2563110547,PLAB
0.9000790654,1.3326,0.2056239433,-0.1428761489,PLAY
0.0517341832,1.3322,-1.4060816089,-0.3883606013,PLT
0.7116915379,1.2422,0.1144311345,0.1483066718,PNFP
0.871870471,1.6592,-1.7737856862,-1.0157394358,PNK
-0.0517341832,0.6777,-0.7321216519,0,PNM
-1.0824682481,1.2485,-0.4618921996,0.7895401793,PNR
-1.1431269535,1.5609,0.6206440204,-0.0941711464,PODD
-0.3528341074,1.0947,-0.7605174584,0.3739153313,POOL
-0.1944548299,0.6254,-1.2622479135,0.2193639376,POR
-1.6723133896,0.8826,1.3438636038,0.4087217953,PPC
-1.1224477878,1.1468,-2.2816834041,1.3438636038,PPG
0.2390395455,0.7396,-1.5682301162,0.0349333284,PRA
1.2254317377,1.4749,-0.5661740693,-0.3168732712,PRAA
-1.4063873973,1.2725,-0.4087217953,-1.5153287356,PRFT
-0.8023215282,0.9231,0.4648833349,0.8849088624,PRGO
0.8023215282,1.1615,0.1973987071,-0.4529434031,PRK
0.0817400618,2.2024,0.5194746354,-0.3424036265,PRTA
-2.0301108108,1.2412,1.125327783,-0.3681591672,PRTY
-0.5520846815,1.0065,-0.2193639376,0.1266091785,PRXL
-0.0381121516,0.7731,-1.1882709266,0.0618319278,PSB
-0.002721641,1.0824,-1.2159379122,1.5591069833,PSX
0.2926163461,1.2103,-0.376798054,0.5256339681,PTC
0.8838737174,1.3471,1.3777697652,-0.3941613068,PTLA
1.285272523,1.1857,-0.3624151757,0.4499685485,PWR
-0.794833953,0.8733,-1.8003121645,1.4585299219,PX
0.3673539066,0.9339,0.0295572624,0.0672163967,PZZA
-0.9123898744,1.1044,0.7251148664,-1.4585299219,QDEL
-0.9544656451,1.4152,0.601216786,0.2719795706,QEP
0.3297548127,0.9401,0.1646251761,-0.9419952542,QSII
-0.1750750919,1.145,0.5411206333,1.2926230049,QSR
0,4.1319,1.5591069833,-1.4280793354,QTNA
-0.7222494089,0.7298,-1.5069136294,-0.172800625,QTS
-1.0727403695,1.3919,-1.3777697652,-0.6370139521,QUAD
-1.7944146262,1.2438,2.4589720191,-0.7749472223,QUOT
-0.9630849655,1.1802,0.2943522557,0.7077513571,QVCA
0.5520846815,1.338,-0.1673490763,0.2859458262,R
0.197229165,1.1194,-0.2943522557,-3.2709651014,RECN
1.5002467841,1.1534,0.3281936175,0.3338695107,RES
0.1090814427,0.8542,-0.4351531965,-0.5318133069,REXR
0.584067633,0.9033,-2.1293398605,0.6669201315,RGA
-1.4595701358,0.3245,0.0349333284,0.3424036265,RGLD
0.4262523218,1.0319,-1.0293342902,-1.7609773933,RGS
0.3154197191,1.0605,-0.845839987,0.1157833798,RHP
-0.5937786778,1.047,-1.5153287356,1.0112493401,RHT
-1.9512148978,1.2559,1.0618203355,0.2747684938,RICE
2.1508566816,1.6182,-0.0672163967,0.4058028563,RIG
-1.330066992,0.8298,0.0161204942,-0.0860784268,RLI
1.3991077529,0.7219,-0.4738818858,-0.8230074597,RMAX
-0.5970281308,1.0275,-0.3854651538,-0.5915880562,RMBS
-0.6499202194,0.8159,-0.1537415719,-0.2001389415,ROIC
-0.200005019,1.017,0.3253596423,1.2159379122,ROP
0.24464436,0.946,-0.7677123587,-0.0107467375,RP
-0.9206744632,0.806,-1.4585299219,0.1700742189,RPAI
-2.3562961071,0.9253,1.9048005518,-1.5324885163,RPD
-0.2756137677,1.3932,1.7124339867,-1.8426475059,RPXC
-1.4755484724,1.1216,1.0023297646,0.6436097747,RRC
-2.5837949588,1.4195,0.5442334814,-0.7043042805,RRD
-0.0844711151,1.145,-0.0429993695,-0.0376217303,RRR
1.1379115029,1.0055,0.3652856649,-1.4742760224,RTEC
0.4989611807,1.2665,0.5980010563,-1.2329947944,RTRX
0.9123898744,1.0408,0.6602235269,-0.6304457272,RUSHB
2.4543209883,1.4738,0.0779913408,-1.7009075804,RVNC
-0.8327343431,1.4408,-0.8381806365,-0.1973987071,RXN
-1.2083120557,1.003,1.6676198705,0.4829189739,SABR
0.2502568703,0.7319,-0.4174996655,-0.7969000009,SAFT
1.3433672239,1.2159,-0.159181017,0.2276276902,SAIC
1.7301427304,1.0176,0.5851992946,0.1673490763,SAVE
-1.117352472,0.8967,-0.1130790985,0.9631406267,SBAC
1.5172349179,0.8527,0.8154915547,-0.9546312631,SBCF
0.5269003974,1.4614,0.263625385,0.118488508,SBGI
0.3966310905,1.0141,0.110375644,-0.8968950539,SBSI
-0.9849530717,0.7805,-0.1864523635,-1.5868783777,SBY
0.3268824623,1.3228,0.1320275679,0.4028873707,SC
0.5744113592,0.6516,-2.3611004766,-0.2028806794,SCAI
0.9983029765,1.3308,0.5915880562,1.3847439961,SCCO
0.4442045822,0.9465,-1.125327783,-0.4889656391,SCHL
1.2370473896,1.3601,0.0618319278,1.7124339867,SCHW
-0.03266546,1.2153,1.2864527415,-0.6141425776,SCOR
-0.7472042446,1.1871,1.2682295983,-0.8117508331,SCSC
3.2673024022,-293.8064,0.7713247438,-1.3847439961,SD
0.768970259,1.4518,0.7426997994,0.3310302311,SEB
0.5970281308,1.3639,0.7321216519,-0.4381085319,SEM
-0.5020459781,0.7734,-1.31143568,0.4145701665,SERV
-0.2278522192,1.1487,0.0134335673,-0.6239045888,SFL
-0.489735059,1.0944,-0.1564607158,-0.4799022634,SFLY
0.8639376371,1.0437,0.0941711464,-0.3566831169,SFNC
0.9332212317,1.4577,1.0112493401,0.7321216519,SGEN
0.1833722197,1.229,0.0376217303,0.110375644,SHO
-0.6908097225,1.0039,0.8267828917,-0.235907017,SHOO
0.2474496408,0.9932,-0.5788343298,-0.118488508,SIGI
-0.8639376371,0.8141,-0.4950302352,-0.5194746354,SITE
2.4024278967,1.5351,0.1266091785,0.7497982784,SIVB
0.2954582183,0.706,-1.1406411333,-0.0806864433,SJI
0.2983024786,1.2774,-0.6719622688,0.0403104042,SLAB
-0.0762797633,0.9521,-0.9295078907,2.0801323224,SLB
-0.6668217572,1.0999,-1.17209839,0.8496883228,SLG
2.1241324919,1.5917,0,0.4292538775,SLM
1.2139791128,1.3053,-1.2682295983,-0.6469181978,SMCI
-0.3039982723,1.9219,1.0857284665,-1.0112493401,SN
1.5997078511,1.1027,0.4618921996,-1.9945874954,SNC
-0.9290227291,1.5073,1.5412403251,-0.5349105933,SNCR
-1.107247922,0.7095,-0.7462443386,0.353821488,SNH
0.7400273689,1.511,-0.1347382069,-0.876988226,SNHY
0.5237760539,1.097,-0.1022700383,0.7713247438,SNI
0.2869396588,1.1273,0.6905986564,-0.9978997479,SNOW
-0.4683668663,1.0029,0.8928854077,0.7932147193,SNPS
0.3557320248,1.1782,-0.7251148664,0.3652856649,SNX
-1.3501073789,0.8291,-0.3367114844,1.7361943565,SPG
-0.8212406099,1.56,0.1401624767,0.6871925241,SPLK
0.7046968465,1.4268,-0.1919226607,-0.5661740693,SPTN
1.0255512661,1.5862,0.2803527818,-0.8381806365,SPXC
-0.4928057647,0.6691,-0.8154915547,0.0188075374,SR
0.8798585547,1.0517,0.0510682092,-0.714670884,SRCE
0.1889106244,1.5402,0.8496883228,-0.5133349476,SRPT
0.4928057647,1.1222,-0.2469714333,-0.0752968047,SSB
-0.9459166575,1.6247,-0.1700742189,-1.3988981897,SSNI
-1.7181112234,1.1086,-0.0901240488,-0.3281936175,SSTK
0.3240128063,1.2792,-0.5442334814,-1.1152637696,STAR
-0.813638048,0.9443,0.4950302352,-0.8267828917,STC
0.3907492005,0.8853,0.9890979516,-0.808021436,STFC
1.4755484724,1.1431,0.3481068845,0.1293178986,STL
0.6839159681,1.0918,0.6736467784,-0.2193639376,STMP
-0.2727878671,0.7493,-1.3847439961,0.476889914,STWD
-0.1585163403,0.7106,-1.3640188625,0.4889656391,SUI
-0.9938333285,1.071,0.9171638133,-1.7361943565,SUP
1.1224477878,1.3882,-0.8613096466,-0.2859458262,SWC
-0.7293329104,1.0076,-0.7426997994,1.1614847983,SWK
0.4562524272,0.6624,0.8535492837,-0.6804040454,SWM
2.0301108108,1.1159,0.2083687555,-0.8652093373,SYBT
1.5435692248,1.3325,0.0537585356,1.3988981897,SYF
-0.53944977,0.8501,0.0053732912,-0.6974350922,SYKE
0.9041674384,1.0803,0.547351612,-1.8728199829,TACO
-0.6199545188,0.6739,0.3027795385,1.2504181491,TAP
1.4595701358,1.1589,-0.2971589984,0.0376217303,TCB
-1.2668421805,1.3575,1.3505211485,0.2691927612,TDC
-0.6332023366,0.8826,0.904957932,0.9546312631,TDG
-0.8599915463,1.2268,0.8117508331,-0.7895401793,TDOC
0.1392522586,1.1846,-0.0188075374,0.159181017,TDS
0.4054797992,1.3859,0.6370139521,0.1864523635,TEN
0.687358762,1.2023,-1.7241925006,0.4799022634,TER
0.9761498157,1.5017,0.476889914,-1.3051134085,TG
-0.0790096181,2.0829,1.7609773933,-0.937816554,TGH
-1.6834346096,1.2981,0.1809876401,-0.6337264221,TGI
-0.3125605559,1.3344,-1.3708619124,0.4233694598,TGNA
-0.3995771766,0.8103,0.0026866359,1.4903963835,TGT
0.4836074379,0.7914,-1.1355070843,0.2303857045,THG
-0.3068498603,1.4725,1.0431220986,-0.6502337171,THRM
0.0926681389,0.8119,-1.0713101206,-1.0905850295,TIER
-0.1889106244,0.9868,0.056449251,0.8005961373,TIF
-0.1916819906,1.1506,-0.3424036265,-0.7641099641,TILE
-0.6133713339,1.3319,1.8003121645,-0.1564607158,TIVO
-0.7580423598,0.899,-0.4589051911,1.6569240375,TJX
0.0981362486,1.1476,-0.4233694598,-0.2083687555,TMHC
0.5082299721,0.9246,-1.1510004579,0.7216247998,TMK
2.2094348646,2.7857,1.6569240375,-1.0665532218,TMST
0.7257866075,0.7923,0.8809416358,1.689602822,TMUS
1.661395239,1.0655,-0.5820138648,-0.2887456955,TOWN
-0.8758575268,1.8329,-0.1619024967,-1.5238525377,TPIC
-1.1860223746,1.0756,-0.6141425776,-0.6568863134,TPRE
-0.5331645878,1.4937,0.3196994965,-2.7846195099,TRC
-0.0653658217,1.5554,-0.183719316,-0.29154783,TREX
0.0844711151,1.241,0.5598779337,0.6502337171,TRMB
0.1282678271,1.1481,-0.5411206333,1.1053114651,TROW
0.6265646819,2.3111,0.4145701665,-0.2943522557,TRTN
-0.7508071436,0.9161,1.31143568,0.5661740693,TRU
-0.420298917,0.8604,-2.0354994574,1.4742760224,TRV
1.8828721362,0.9743,-0.2747684938,-1.4663575265,TSC
-1.2429183119,1.1598,0.1755283162,0.7356385481,TSCO
-0.3154197191,1.4798,0.9461904682,1.6060954135,TSLA
-1.6195903495,0.7495,-0.5349105933,1.3178108103,TSN
0.4683668663,0.8786,-1.4507906771,0.5598779337,TTC
-0.0299424877,1.0805,-0.2345260211,-0.601216786,TTEC
0.4084364038,1.2595,2.2816834041,-1.0202501038,TTS
0,1.5507,1.4585299219,-1.2803310712,TUSK
-0.9501824707,1.4813,2.1293398605,0.8691222304,TWTR
-0.1337580255,1.2111,-1.6676198705,1.8885688453,TXN
-0.3355077121,0.8572,-0.6535563997,0.1347382069,TXRH
-1.2607934368,0.9691,1.5238525377,0.4469976707,TYL
1.148373685,0.9671,-0.5164023582,-1.0067795401,UBNK
1.1750953546,1.0024,-0.5194746354,-0.476889914,UBSH
-0.5051355604,0.9361,0.4678786353,0.0026866359,UE
0.0353886746,1.1539,0.1700742189,-0.1266091785,UFS
0.0408359114,0.9418,-0.7216247998,0.6271718037,UHAL
-0.3615368616,0.9485,-0.7286137877,1.0808973776,ULTA
0.5489177604,1.0902,-0.1809876401,0.29154783,UMPQ
-0.0054433022,1.2973,-0.0752968047,0.5072145497,USFD
-0.8098543572,1.229,-1.1828456853,-1.2387608306,UTEK
-0.2222693191,1.0769,-1.2387608306,1.9567647436,UTX
1.7549861776,1.1259,1.0713101206,-0.7932147193,VECO
-0.0435599741,1.3924,-0.4859400856,0.5041614753,VEEV
-1.6297764569,1.002,0.6568863134,1.2445683488,VFC
0.1667899995,0.8014,-1.8281695079,0.0134335673,VGR
-1.1327268222,1.3164,0.2887456955,1.1127653569,VIA
-0.980541945,1.3515,0.4829189739,1.1127653569,VIAB
0.8060822252,1.0527,-0.6770215477,0.1049711341,VLY
-0.2306463238,1.1065,-0.904957932,0.0887753475,VMI
0.0108867656,0.6047,-2.4589720191,1.5153287356,VMW
-0.545756335,0.9166,0.7391645668,-1.4986039009,VNDA
-0.136504627,1.0501,-0.7858762691,1.2047603779,VNO
0.2558772749,0.7092,-1.391786239,0.3481068845,VR
-1.0348048801,1.2109,1.0270552972,-1.2864527415,VRNS
-0.100871394,0.9582,0.2971589984,-0.1673490763,VRNT
-0.6035460447,0.796,-0.8928854077,0.9934892288,VRSK
-0.169550397,1.3601,-0.4263098234,-1.0477623254,VRTV
0.9459166575,2.0783,1.4742760224,-1.8281695079,VSAR
-1.5086864263,1.0772,1.5868783777,-2.2468179939,VSI
0.6499202194,0.8996,1.0665532218,-0.9504024015,VVI
0,0.273,-0.3796839113,0.3710357125,VVV
-0.2983024786,0.7457,-0.8305701456,2.2816834041,VZ
0.8879031803,1.0398,-0.0591403752,-0.547351612,WABC
0.2812722032,1.0302,-0.0618319278,-0.0672163967,WAGE
0.0872027986,1.245,1.9567647436,-0.7008655525,WAIR
1.2547904737,1.0312,-0.476889914,-0.9674215661,WASH
-0.2530660733,0.9316,-1.6259245727,1.9945874954,WBA
-0.6002839,0.8169,-1.3307243046,-0.3595476696,WBMD
-0.0626386032,1.311,-0.1755283162,0.1564607158,WCC
0.3848807982,1.176,2.0146220452,-0.7426997994,WD
-1.285272523,1.6033,0.2608447688,1.1202815929,WDAY
2.0091914932,1.3191,0.2831481969,1.2387608306,WDC
-0.5616189321,0.7365,-1.0112493401,-0.5102723593,WDFC
0.1916819906,1.8334,-0.0322451789,-0.5164023582,WDR
0.5937786778,1.3216,0.9674215661,-0.8535492837,WEB
1.3569094332,1.0698,0.8691222304,0.1891868045,WEN
0.4592746961,1.0574,0.6436097747,-0.3027795385,WERN
0.3125605559,1.0986,-0.2859458262,2.4589720191,WFC
-0.5206568148,0.7817,0.2747684938,0.7749472223,WFM
0.7653174778,1.4267,1.4355676626,-2.1843177583,WHG
0.0680935265,1.4657,1.3847439961,-0.9212629047,WIRE
0.4774979217,1.4327,2.0354994574,-0.0349333284,WIX
-1.9698118772,1.1251,1.0339083897,-1.9388569709,WK
-0.1063439701,1.5344,0.2691927612,-1.8003121645,WLH
0.420298917,1.2717,0.4058028563,0.6602235269,WLK
-0.7544198151,1.1691,-0.9171638133,-0.0026866359,WMGI
0.9206744632,0.9933,0.3970666285,-0.444030733,WMK
-1.5899993037,1.323,0.444030733,-0.6940128198,WMS
-0.7836853587,0.701,-0.3168732712,2.4071589577,WMT
-0.5648083515,1.0274,-2.7846195099,0.6173900369,WOOF
-0.836590089,0.8268,-0.8267828917,0.569330558,WPC
0.813638048,1.7427,0.9631406267,0.4322016568,WPX
-0.447210436,0.607,-1.4355676626,0.6304457272,WR
-1.1536522211,0.8799,-0.29154783,0.3367114844,WRI
-0.9587664016,0.8638,0.711206864,0.3027795385,WSM
1.107247922,1.0563,-0.5011130931,0.2386703619,WTFC
0.100871394,2.1858,0.4263098234,-1.17209839,WTW
0.0954018372,1.5275,0.5380130198,-1.4206702425,WVE
0.1063439701,1.2251,-1.2445683488,0.3140495746,WWD
-1.2978061288,1.307,1.5069136294,-0.4263098234,WWE
-1.1275724128,1.1057,0.8574230105,-0.1864523635,WWW
-0.4836074379,1.3095,0.0887753475,1.3051134085,WY
-0.0108867656,1.1479,0.4204327519,0.6974350922,WYN
-0.3441579948,1.4459,0.3912593084,0.7641099641,WYNN
1.191539369,0.9996,-1.5591069833,-1.5412403251,XBKS
-0.24464436,1.0741,0.604438745,0.9171638133,XEC
0.2111240869,0.9857,-2.1560145444,0.8230074597,XL
0.0081650037,1.1243,-0.2276276902,1.0157394358,XLNX
0,0.1464,1.0905850295,0.0914729141,XOG
-0.4054797992,0.83,-1.0524252226,2.5183704399,XOM
1.6947680251,1.1097,-2.0573037137,-0.4950302352,XXIA
-0.3326298863,1.314,1.9753229426,-0.0322451789,YELP
-0.5082299721,0.9461,-1.6060954135,1.31143568,YUM
-0.0490090897,1.2273,1.3372650959,0.5411206333,ZG
1.8368478746,1.2476,0.2193639376,0.714670884,ZION
0.4382048612,0.5435,0.9295078907,-2.6736675134,ZUMZ
