date,ticker,beta,market_cap,momentum,vol10
9/9/2016,AAL,0.015949544474902315,0.4607436572013593,-0.6069121532567349,-0.053784768520336375
9/9/2016,AAOI,0.035379943412173806,-0.23947176556215904,-0.9140106622662192,0.6102072918279279
9/9/2016,ABM,-0.03695520101861609,-0.17613063690988923,0.15574131977472885,-0.0012182769372824631
9/9/2016,ACAD,0.034870678923898536,-0.12218283112675622,1.6163546480021729,0.1356758955876683
9/9/2016,ACC,-0.06204627061402411,-0.0300236761090259,0.13721477815218694,-0.16230972336554383
9/9/2016,ACIW,-0.0017963642319202234,-0.17583725712057346,-0.24781340669097618,-0.2072941606070806
9/9/2016,ACM,0.011689351159522746,-0.09638558895216143,0.04051832351370822,-0.1895180523422798
9/9/2016,ACOR,-0.028248736978679415,-0.21296534769895617,-0.3175957283522774,-0.12454456274583427
9/9/2016,ADP,-0.016760905348931706,1.1272734476839297,-0.20524004858795009,-0.3300762798360977
9/9/2016,ADPT,-0.03909998799808304,-0.2238130765788975,-0.6629572907374943,1.465655293742491
9/9/2016,ADRO,0.017526305678985336,-0.21973002633191407,0.2527870431872085,0.4331536257333147
9/9/2016,ADXS,0.03167798232432671,-0.23693277794944032,-0.20000067838646338,0.22234349282156465
9/9/2016,AEE,-0.06192874803980673,0.15582605003756161,-0.05697003431546162,-0.2538022642713145
9/9/2016,AEL,0.03364648544246762,-0.19650980558624281,-0.3035783389735626,-0.27388201105614574
9/9/2016,AEO,-0.02858171760562863,-0.13567993853695284,-0.06265627881869135,-0.41951912662562096
9/9/2016,AEP,-0.0645730059596975,0.8422840732065422,-0.05894724921124748,-0.23706007250762973
9/9/2016,AERI,-0.027475046698415075,-0.23164624155619606,0.6251117887239646,0.2068710230767941
9/9/2016,AF,-0.03570162689363083,-0.19645679700209387,-0.30717915010113334,-0.30930725538385584
9/9/2016,AGIO,-0.005782338207459277,-0.19411001350296614,0.30880717970483257,1.8427264555880818
9/9/2016,AIRM,-0.01043427343689674,-0.2090605984185424,-0.4406189963897391,0.6566065621762548
9/9/2016,AKAM,-0.0024133577465614018,0.06897955173674118,-0.43035985550715683,-0.37482491155983605
9/9/2016,AKRX,-0.020208234192641172,-0.13124953650486074,1.4985690979789947,-0.2585002357412976
9/9/2016,AL,0.02816209864565712,-0.14800842762303165,-0.4784711617576139,-0.15276866933770172
9/9/2016,ALDR,-0.006144699477962832,-0.19934662004057585,1.2905869008834763,0.12082014796637054
9/9/2016,ALGN,0.0020133258822927977,0.005256193005354025,0.395440330089255,-0.1877223026298152
9/9/2016,ALKS,-0.020227821288344064,-0.011143848219174933,1.1528506146501465,-0.019629246211540465
9/9/2016,ALL,-0.04099993628126382,0.629973104825361,-0.18051844869283437,-0.43778498481200306
9/9/2016,ALNY,0.017545892774688227,-0.04238214963721188,0.06695431912228927,0.01955074751495937
9/9/2016,ALSN,-0.011443008865595832,-0.09150286864385417,-0.024613581067063444,-0.40986923928187197
9/9/2016,ALV,-0.026035395164252326,0.07248755344156214,-0.3477323732751935,-0.38935415923341304
9/9/2016,ALXN,-0.010257989575570708,0.726613617973656,-0.22317890054793593,-0.025850884104220817
9/9/2016,AMAG,-0.016476892461239744,-0.22449942709091203,0.2675384229540969,-0.22338335247532376
9/9/2016,AMBA,0.02963113082337421,-0.1787244203051689,0.7303884486070857,0.3750910516969601
9/9/2016,AMCX,-0.0219514857101988,-0.12219025917015601,-0.5560601515049121,-0.2262492964608733
9/9/2016,AMH,-0.043330800669908284,-0.07229027976842978,0.5881982268606899,-0.18126485921933652
9/9/2016,AMTD,0.003443183868604101,0.337825040786991,-0.3029976160848132,-0.362290941344553
9/9/2016,ANET,-0.021696853466061154,-0.057220626249277595,0.2413853440671477,-0.40560660107551666
9/9/2016,APAM,0.0078698674974583,-0.18242951997548235,-0.3060091065963612,-0.32351000310971206
9/9/2016,ARI,-0.05150841312586679,-0.20449941674640526,-0.1040078461782932,-0.37233988417996083
9/9/2016,AROC,0.07469124448788333,-0.2238258941425084,0.4712106863994948,0.41973085010479166
9/9/2016,ARR,-0.045651871510701304,-0.2231202579445053,-0.07432651095854041,-0.20615141079005767
9/9/2016,ASB,-0.015428982841134887,-0.14777689816313344,-0.20274740801030536,-0.3852003543429647
9/9/2016,ASH,-0.027259588645683234,0.001299635914724388,-0.09174687569105013,-0.4180861546328462
9/9/2016,ASPS,-0.05417225814146046,-0.23058554627993263,-0.2805127536447843,-0.15271425267974825
9/9/2016,ATI,0.0562891680750138,-0.18976870261358664,-0.1419233767863666,1.0708987180620209
9/9/2016,ATO,-0.05907882561503557,0.009344021913716366,0.014162647409941309,-0.14957622540443133
9/9/2016,ATVI,-0.012167731406602919,0.8433254653437077,0.31820052958503675,-0.29604772972919324
9/9/2016,AVXS,-0.055660877414880454,-0.22021080713908864,0.9108510060505888,0.7737112100921264
9/9/2016,AXDX,-0.05900047723222399,-0.20796001580584608,0.8141199311733731,0.4413524021983044
9/9/2016,AXL,0.007125557860748278,-0.20825491052506578,0.03782443356507773,-0.046420380810633204
9/9/2016,BAH,-0.04020665890529659,-0.09700280420685646,-0.13856125144105583,-0.4154378772791105
9/9/2016,BBT,-0.01859229879715237,0.8348525426754944,-0.0730960971275799,-0.46087578667025964
9/9/2016,BBY,-0.02114841478638012,0.15711333903435892,-0.13496373703070363,-0.3815181604881131
9/9/2016,BCOV,0.0023952742484992444,-0.2370183714890107,1.4368084923762858,-0.0004201659539649309
9/9/2016,BDC,0.01841751853346705,-0.15750201511557774,0.24084084779628598,0.2108797168793666
9/9/2016,BEAV,-0.015752169920232633,-0.07179153971158796,-0.1908585570557009,-0.32242166995064264
9/9/2016,BGS,-0.08355290169580241,-0.1467212258917818,0.8933606976675792,-0.24562162669230928
9/9/2016,BHI,0.004520474132263296,0.4827593201798468,-0.2002931493464739,-0.10582523240984
9/9/2016,BIG,-0.028111627308759157,-0.17617698887807795,0.18811012709410613,-0.3193743371052482
9/9/2016,BKS,-0.008397215483795704,-0.2217996509616878,-0.033906863462633975,0.45918292712105874
9/9/2016,BKU,-0.026818878992368112,-0.1363720590469654,-0.5357151361285106,-0.12224092422580397
9/9/2016,BLDR,0.005774048257248567,-0.20237777486910172,0.35543914519956,0.33538503027691025
9/9/2016,BLOX,-0.0018257448754745622,-0.2059901147530874,0.09556419316803938,-0.006859470478459049
9/9/2016,BLUE,-0.06172308353492634,-0.1818929276147744,0.3679889939469071,0.6501853965377451
9/9/2016,BNCL,-0.052419213076051394,-0.2112841699459008,-0.20370014509443746,-0.4501557050534256
9/9/2016,BPOP,-0.022450956650622612,-0.10963009750868112,0.16523674205383437,-0.3309469463633532
9/9/2016,BRC,-0.004107641524861775,-0.19093280058234602,0.1638877880353904,-0.16778766693285996
9/9/2016,BRS,0.044585878392534264,-0.2374227041859887,-1.185966235111137,0.5529791065468599
9/9/2016,BRX,-0.05063678736708798,0.04026453711412398,0.14837045582776454,-0.21337068741188495
9/9/2016,BUFF,-0.046944619827092346,-0.07644179507332821,-0.12205699225393561,-0.2801762044927639
9/9/2016,BURL,-0.02567303389374877,-0.0472928961487413,0.5880460918283091,-0.2740271221440216
9/9/2016,BWA,0.011336783436870638,0.004123807336541506,-0.48500765688232617,-0.09078809592869726
9/9/2016,BXS,-0.006859628471118472,-0.17024359835959946,0.026964737425123834,-0.361293302615406
9/9/2016,BZH,0.027172950312660944,-0.23809775904554004,-0.11917508896933811,0.5682701874317854
9/9/2016,CAA,-0.01198165399742542,-0.105618112832927,-0.017595394755782964,-0.056632573619901344
9/9/2016,CAB,-0.047365742384704576,-0.1359054117678574,-0.03316952205305441,-0.5107940008995779
9/9/2016,CAKE,-0.0580309159949307,-0.16758791925681762,-0.2844088383858885,-0.4363520128192283
9/9/2016,CAL,-0.01611453119073619,-0.21427134642912884,-0.2948648152330224,0.4208010443778766
9/9/2016,CASY,-0.053565058174670735,-0.0873195747171928,0.23836719696799147,0.25372376557473336
9/9/2016,CBI,0.025341556864440302,-0.14567546000537776,-0.47994827805848045,-0.20751182723889447
9/9/2016,CBM,0.002542177466270938,-0.20055175725099464,0.3796892774999468,-0.23223512883575526
9/9/2016,CBS,-0.016956776305960652,0.555026035348113,-0.31615326644078745,-0.24203012726738019
9/9/2016,CCE,-0.04268442651171277,0.429467266117167,-0.11108605167620812,-0.25623287499323627
9/9/2016,CCK,-0.012030621736682673,0.013429372480530855,-0.0879659286845369,-0.26753340096157396
9/9/2016,CCL,-0.02111903414282578,0.8972674487695141,-0.3357611564997925,-0.1300950618570884
9/9/2016,CCP,-0.059989625565220174,-0.16419426334414405,0.16474017624863357,-0.021298023722113583
9/9/2016,CDE,-0.02362618239279628,-0.175894813985056,3.0,1.1040747405276543
9/9/2016,CDK,-0.005204518884223884,0.043900225767987994,0.310893845952799,-0.2153841037561634
9/9/2016,CDW,-0.012784724921244097,-0.0021539225603473848,-0.13669727801147613,-0.3848557155092594
9/9/2016,CEMP,-0.030422904601700728,-0.21217972390015144,0.1512703041080882,0.07140982254461799
9/9/2016,CERN,-0.022039627640861814,0.4822425650233875,0.12642650876616116,-0.3491765267777663
9/9/2016,CF,-0.00849515096231019,-0.0477742773428824,-0.8335126080875409,0.10984612194575377
9/9/2016,CFG,-0.016026389260073173,0.19865750264194085,-0.19044113410908345,-0.3674242460781639
9/9/2016,CFR,-0.0007190739682610068,-0.09794338718359631,0.13735169201914812,-0.3115927550179018
9/9/2016,CFX,-0.0005134094633806142,-0.12777842718288385,-0.25824510585051746,-0.20214271698748523
9/9/2016,CHFC,-0.02578076292011469,-0.14265409986189878,0.1484469389176307,-0.3092891164978714
9/9/2016,CHS,-0.036906233279358845,-0.19415976184626196,-0.33111363718617,0.6427121755121351
9/9/2016,CHSP,-0.03625006557331187,-0.2002160048024543,-0.2624664130358201,-0.2635609849309705
9/9/2016,CHTR,-0.032792943181750966,2.618319001626023,-0.10611349510419049,-0.06564759995419318
9/9/2016,CI,-0.05118522604676903,0.8991681691868686,-0.38573291247310415,-0.5271189982856195
9/9/2016,CIEN,0.00027007436473517184,-0.1458647669027931,-0.11191988090789669,0.21383635529483838
9/9/2016,CIM,-0.055435625814297174,-0.14617279683221637,0.40033260301175333,-0.15407466912858508
9/9/2016,CINF,-0.03874742027543095,0.18251006027108882,0.09544211631964489,-0.36943766242244236
9/9/2016,CL,-0.04430036190720157,1.9538514984859956,-0.08320146387474209,-0.3202268647465193
9/9/2016,CLB,-0.015908866685855796,-0.08155419481192756,-0.15588404541853085,-0.2670980676979462
9/9/2016,CLGX,-0.025526130675977067,-0.12787074016960864,0.19071917341313815,-0.32320164204797575
9/9/2016,CLVS,-0.043007613590810526,-0.2140567883729006,-0.7865655624474083,0.8261144517013198
9/9/2016,CMG,-0.09092744322794225,0.18229572212404013,-0.3712714023914767,0.01873449764565726
9/9/2016,CMS,-0.06885278637077999,0.1522904340229025,-0.010059421196370506,-0.22701112967222187
9/9/2016,CNC,-0.01692739566240631,0.14719485559123147,0.20790106753966828,-0.0016717490868947032
9/9/2016,CNK,-0.03270480125108794,-0.09580038619089652,-0.12908081201543128,-0.47458878447453456
9/9/2016,CNP,-0.04963784548624035,0.0886904233975387,0.1284092593367332,-0.11271800908394643
9/9/2016,COG,-0.02591787259003495,0.1719085319348846,-0.047444834450672484,-0.08661615215226434
9/9/2016,COH,-0.026593627391784825,0.10505462640703689,0.0010262929696557117,-0.3147851989511721
9/9/2016,COL,-0.023097330808818126,0.11773907515182581,-0.3801681144603262,-0.35240524848300564
9/9/2016,COMM,-0.008338454196687028,-0.05110186276426324,-0.015409826514859835,-0.5635962980004301
9/9/2016,COST,-0.03326303347862044,2.053169301177246,-0.024685135031252328,-0.2704356227190925
9/9/2016,CPA,0.037328859434611804,-0.12901862769027192,-0.29429695935940586,0.18987488690932644
9/9/2016,CPRT,-0.025134388761919174,-0.06027192545677902,0.21972427894848184,-0.4743529789567361
9/9/2016,CRAY,0.02696728580778055,-0.2198835299205176,-0.712204833797729,-0.05226110209763911
9/9/2016,CRC,0.2354817131129454,-0.23530604342613415,-0.9666144188797521,0.8386484219166028
9/9/2016,CRI,-0.05292847756432665,-0.08570137476442818,-0.23639462832154376,-0.16541147286889174
9/9/2016,CRR,0.0007989259487133121,-0.24115209160347115,-0.5363028831622992,0.18345372127081663
9/9/2016,CRUS,-0.008955447711328206,-0.14554868410865016,0.5213416419399401,-0.005480915143637751
9/9/2016,CRZO,0.029650717919077123,-0.17342283584092066,-0.08329766709111881,0.13208439616273915
9/9/2016,CSOD,-0.018553124605746586,-0.16343821209406253,0.4227087184018107,-0.0858180411689468
9/9/2016,CSRA,-0.03843402674418462,-0.10157152213167221,0.000629167217332713,-0.23421226740806464
9/9/2016,CSX,-0.003333951244597435,0.6697383811917077,-0.1076470181131964,-0.19622944015654128
9/9/2016,CTB,-0.012108970119494243,-0.18648445326307428,-0.4418038232712667,-0.4087264894648491
9/9/2016,CUBE,-0.05636601286018466,-0.08130034282498913,-0.38190051228434696,-0.2455853489203403
9/9/2016,CVBF,-0.008436389675201491,-0.186249352896974,-0.3040581643440908,-0.3979701300760461
9/9/2016,CVGW,-0.051243987333877715,-0.2100615621728806,0.15947744791207216,0.8383037830828977
9/9/2016,D,-0.060087561043734646,1.3324026779277336,-0.07250899427969573,-0.21875793654927866
9/9/2016,DAL,-0.0068106607318612405,0.7356265887182567,-0.6974878689521752,0.06052649095392359
9/9/2016,DAN,0.021757118350810588,-0.17906940195800855,-0.27444446285185814,-0.14003517137658933
9/9/2016,DAR,-0.009219873503317277,-0.17043777816518493,0.3203551717784835,-0.10283231622239906
9/9/2016,DATA,0.025880201996269888,-0.0999717352094216,0.37333362243313023,-0.4425373729399396
9/9/2016,DBD,0.01505833162042062,-0.18397318118822878,-0.1598480827503286,-0.16205577896176093
9/9/2016,DCI,-0.018318079457311832,-0.08104435806807077,0.014492131767006164,-0.3418665557260166
9/9/2016,DCP,0.020160770051024676,-0.11039204790977095,0.3195764309059584,-0.059534795377419784
9/9/2016,DCT,-0.03814022030864121,-0.10187027049746773,0.3872375070706378,-0.2231294080715409
9/9/2016,DDS,-0.015908866685855796,-0.18186493980839316,-0.7054970204520055,-0.0945065675555178
9/9/2016,DECK,-0.0039215641156842744,-0.1859354133446767,-0.035089569519607636,-0.21748821453036432
9/9/2016,DENN,-0.045935884398393266,-0.22411340619641298,-0.04251384106426967,-0.19989349512540835
9/9/2016,DEPO,-0.04941259388565707,-0.204198221454659,0.6752563659682358,-0.16089489025875353
9/9/2016,DISH,-0.014929511900711063,0.5550781258987028,-0.04112083929674617,-0.08420368031632704
9/9/2016,DLTR,-0.0277492660382556,0.42060084564234823,0.20402393249756473,-0.450427788343193
9/9/2016,DNKN,-0.06226172866675595,-0.09794848349156796,-0.26738912420095584,-0.34135866691845085
9/9/2016,DO,0.01335425429426878,-0.17652241034927685,-0.3061676815090131,1.076920828208872
9/9/2016,DOX,-0.02841522729215402,0.06708817920483055,-0.25957284953293586,-0.5540371050866035
9/9/2016,DPZ,-0.04109787175977829,-0.005061422108122815,0.04792470496799533,-0.38676029853763094
9/9/2016,DRI,-0.05372175494029388,0.019514744676465204,-0.37291237618918854,-0.4315089302613693
9/9/2016,DRQ,-0.013529034557954098,-0.1803586212687157,-0.40539015887405955,-0.2769474827875247
9/9/2016,DTE,-0.06287872218139713,0.31875407691385,-0.0028614159530462916,-0.23395832300428185
9/9/2016,DVAX,-0.05228210340613113,-0.2352790399751282,-0.44970284615797357,3.0
9/9/2016,EA,-0.0177696407776308,0.5871990275731254,0.16861253846734842,-0.27975901011512067
9/9/2016,EAT,-0.05283054208581218,-0.1537267434732409,-0.1978313913635353,-0.28033945446662434
9/9/2016,ECHO,-0.027572982176929547,-0.22585702419398673,-0.4728432493164473,-0.07535190395589574
9/9/2016,EDIT,0.19541630885267436,-0.23011561432561825,-0.4876410377746015,0.35301602745383504
9/9/2016,EDR,-0.0525465291981202,-0.14060262646599664,0.1286436659567103,-0.30134428443666456
9/9/2016,EFX,-0.02813121440446205,0.2948449609928003,0.15576304972707544,-0.3684581625792799
9/9/2016,EGHT,-0.01933660843386237,-0.20998874081883642,0.694203680940949,-0.24181246063556622
9/9/2016,EGRX,-0.033596014105569644,-0.2183587808972167,-0.2431354599158979,-0.12468967383371024
9/9/2016,EIX,-0.06762859288934907,0.5608042293263673,-0.019545121225364805,-0.2513897924353773
9/9/2016,EL,-0.03249913674620755,0.8664177547968028,-0.24755066653882463,-0.4920746705635835
9/9/2016,ELGX,-0.01176619594469358,-0.2158786067728639,1.156747200650237,-0.10724006551663019
9/9/2016,ENDP,-0.02060976965455051,-0.09542535726475551,-1.1094637590994143,-0.09537723408277339
9/9/2016,ENLC,0.010837312496446814,-0.14312545249932582,0.6886697704438709,-0.1783444985758335
9/9/2016,ENTG,-0.0012479255522391689,-0.17032985162670866,0.4222164557430053,-0.22536049104763328
9/9/2016,EPC,-0.015184144144848687,-0.09274884263986219,-0.15785216500236546,-0.32735544693842406
9/9/2016,EQR,-0.0468956520878351,0.5501230135828448,-0.3757329718382904,-0.3194831704211551
9/9/2016,EQY,-0.04611216825971932,-0.09915574649072284,0.12975629981051326,-0.2670980676979462
9/9/2016,ERII,0.09291703703942678,-0.22832175929768292,-0.005382307721971156,0.6151410688157092
9/9/2016,ES,-0.06418126404563962,0.3383941622531701,-0.15975371179275638,-0.27549637190876536
9/9/2016,ESNT,-0.025604479058788647,-0.16662124388138727,0.13223063008562902,-0.3191748093594188
9/9/2016,ESRX,-0.03121618197766795,1.3135413119371033,-0.02487923205083972,-0.45626850963019905
9/9/2016,ETSY,0.06089213556519406,-0.1970616310209153,-0.03561629205325607,-0.08527387458941206
9/9/2016,EVHC,-0.04372254258396618,-0.12111784936680159,-0.0888641848384113,-0.15938936272204077
9/9/2016,EW,-0.029923433661276904,0.6003527241103367,0.481389975377711,-0.3548721369768964
9/9/2016,EWBC,-0.0034025060795575806,-0.06706455000865545,-0.14425090536954954,-0.2801580656067794
9/9/2016,EXAS,-0.06630646392940369,-0.18103879687059196,3.0,0.10344309519322854
9/9/2016,EXEL,-0.01834746010086619,-0.15489956101550253,2.6739005588090503,-0.009979358867791513
9/9/2016,EXP,-0.006830247827564133,-0.12552411723908824,0.27289621557124477,-0.005172554081901485
9/9/2016,EXPD,-0.038718039631876595,0.06837807220556412,-0.1664691762950763,-0.42619423666791356
9/9/2016,FAST,-0.02732814348064337,0.15800139862339374,-0.47147589534884804,-0.2670255121540082
9/9/2016,FCS,-0.03614233654694595,-0.171571416967259,-0.2572818350910828,-0.6581543106375797
9/9/2016,FDC,0.04308746557126284,0.1927792918744321,-0.19276267090288446,0.10059529009366346
9/9/2016,FDX,-0.013715111967131599,1.2397433621700487,-0.24378607901166569,-0.3991310187790535
9/9/2016,FE,-0.05264446467663468,0.23322853814865876,-0.25290832050055234,-0.24086923856437278
9/9/2016,FFIV,-0.026250853216984164,0.021591706593469356,0.21038374427945256,-0.310087227481189
9/9/2016,FGEN,-0.0035200286537749354,-0.21110831241466,-0.04584836711620833,0.2662214580180474
9/9/2016,FI,-0.010845602446657547,-0.1655688946820829,-0.6541838098535196,0.000704444977073574
9/9/2016,FINL,-0.040147897618187905,-0.21736282269468077,0.010545341718394283,-0.16981922216312287
9/9/2016,FISV,-0.02444884041231785,0.5182236477178251,-0.042991088127215714,-0.4539285933381997
9/9/2016,FIVE,-0.04647452953022287,-0.17201913460381205,0.36277383302949046,-0.1312559505600958
9/9/2016,FIVN,0.022374111865451764,-0.22524033602319835,1.0775114232004013,0.20055869075419125
9/9/2016,FL,-0.046944619827092346,0.049206969371402016,-0.38901166375351276,-0.4276634864326573
9/9/2016,FLO,-0.03791496870805792,-0.14578887380147829,-0.2439001618394901,-0.2869601478509634
9/9/2016,FLR,0.004863248307063957,-0.011101042722834981,-0.28213968544270956,-0.2918032304088224
9/9/2016,FLS,0.0019839452387384374,-0.040774809009173144,-0.16165792399297485,-0.2428100993647132
9/9/2016,FMC,-0.01024819602771924,-0.04168550877184091,0.13767897470875518,-0.04170427045466554
9/9/2016,FN,-0.035417614005938854,-0.20091946285239282,0.49175683637581485,0.14677689381017658
9/9/2016,FNBC,-0.0031478738354199566,-0.24316752781889434,-0.36853037339517525,0.6315567606316732
9/9/2016,FNF,-0.04367357484470895,0.10941478316404579,0.14595890124230648,-0.3689660513868456
9/9/2016,FNSR,-0.024155033976774442,-0.15040028901335517,-0.1216398526303812,0.48018775709109895
9/9/2016,FOSL,0.02249163443966912,-0.20558681877081325,-0.8670213164035397,-0.17070802757636297
9/9/2016,FPRX,0.002052500073698583,-0.20522976305682705,0.7147042435416767,0.5691771317310098
9/9/2016,FR,-0.03473206565633753,-0.13785471117017176,0.489946279074203,-0.05710418465549816
9/9/2016,FRAN,-0.04336018131346262,-0.23100447675768968,-0.8500098774370116,0.4576229829263925
9/9/2016,FRC,-0.021168001882083013,0.1429622287052802,-0.02923006869134167,-0.33633419550074695
9/9/2016,FRGI,-0.03831650416996726,-0.2274883279413579,-1.0041419498020663,-0.277999538174625
9/9/2016,FRT,-0.05426040007212349,0.13393663238127299,-0.020161887175704073,-0.26341587384309456
9/9/2016,FULT,-0.014841369970048047,-0.1650131492790185,-0.18724464475203173,-0.3600961361404296
9/9/2016,GCO,-0.03198007871008084,-0.21627847147381193,-0.27005100482529315,3.0
9/9/2016,GD,-0.02285249211253195,1.3462442678318385,-0.020617495265375294,-0.4481422887091472
9/9/2016,GEF,-0.01939536972097105,-0.1656702623420121,0.4562838079621102,0.23224732456909639
9/9/2016,GEO,-0.017730466586224992,-0.1950406586791613,-0.05114502688394313,0.4012110475146266
9/9/2016,GES,-0.026192091929875476,-0.20697867283719873,-0.6334701864488712,-0.16804161133664286
9/9/2016,GHL,-0.010894570185914778,-0.22803954251719816,-0.4332125251212953,-0.2552533751500738
9/9/2016,GIMO,0.040296304433600334,-0.19574254594924556,0.904556144682229,0.23335379661415045
9/9/2016,GKOS,-0.07458201186387667,-0.21427057849231124,2.0929474856848627,-0.3589171085514378
9/9/2016,GLOG,0.05339027791098541,-0.2134241794756337,0.2807697281295531,0.012657970840852881
9/9/2016,GNRC,-0.002599435155738902,-0.17251826910092838,-0.265156536111821,-0.16287202883106303
9/9/2016,GNTX,-0.004587525369582706,-0.08143345769108416,0.051681560294346285,-0.2697282061656973
9/9/2016,GOGO,0.015263996125301015,-0.21508901413696074,-0.7232161174615274,-0.16972852773320043
9/9/2016,GOV,-0.032508930294059,-0.1942768966453062,0.7906354378449426,0.012004970945411194
9/9/2016,GPOR,-0.008220931622469651,-0.12164023140576118,-0.2500604599725184,-0.2547273474565236
9/9/2016,GPRO,0.011767699542334316,-0.1886711847669171,-0.26502360952828613,0.10850384438290137
9/9/2016,GPS,-0.01016984764490767,0.07356642438605047,-0.5116024930720785,-0.19280119070547255
9/9/2016,GRMN,-0.014449628055990154,0.061554681312275275,0.5936353790173735,-0.3644131910047384
9/9/2016,GT,0.014803699376282975,0.02599757653485959,-0.4606601793870475,-0.04986676914768638
9/9/2016,GWB,-0.014283137742515547,-0.18559454713505522,0.21436241747212265,-0.21717985346862798
9/9/2016,GWW,-0.03435011729013109,0.21795802726422947,-0.277812405223547,-0.2962472574750226
9/9/2016,HA,0.03250064034384829,-0.16335494679929838,-0.24039548520829648,-0.15258728047785677
9/9/2016,HAIN,-0.009817279922255562,-0.12205143713725707,0.38602328070803604,-0.39686365803099216
9/9/2016,HAL,0.0025617645619738305,1.0097097349833075,0.21359679644500415,-0.08852073518063593
9/9/2016,HALO,0.04240191722166152,-0.2057717658814775,0.1647592303958204,0.2043678568109343
9/9/2016,HAR,0.005264783768973297,-0.054082016116231736,-0.36302389900027493,-0.07638582045701162
9/9/2016,HCSG,-0.028170388595867846,-0.15682142063907367,-0.031003312230100465,0.049788270451105156
9/9/2016,HD,-0.02474264684786128,3.0,-0.10328460817592347,-0.3769108834480525
9/9/2016,HES,0.03040482110363855,0.3005945179090001,-0.2262587544393108,0.026080746469375988
9/9/2016,HFC,-0.015125382857740009,-0.09341688484001963,-0.8334113430971737,-0.08657987438029544
9/9/2016,HOLX,-0.04262566522460408,0.10863300253995123,0.020120435057336926,-0.33800297301132004
9/9/2016,HOMB,-0.020061330974869458,-0.13963485852591212,-0.21060196076414886,-0.35889896966545326
9/9/2016,HOPE,-0.02463491782149536,-0.17007353177008808,-0.2017676515547487,-0.4081460451133453
9/9/2016,HP,0.03163880813292093,-0.025526812635988484,-0.16096456685455782,0.008830665898125256
9/9/2016,HPT,-0.02159891798754669,-0.08563890659493462,0.37367941977203467,-0.16842252794231713
9/9/2016,HR,-0.06637501876436383,-0.11520593315424196,0.2194449835552379,-0.06722568303484393
9/9/2016,HRB,-0.0346830979170803,-0.08342530428371804,-0.4848337783687891,0.46671056480462236
9/9/2016,HRC,-0.0419694975185571,-0.11927273455628841,0.0705971302637798,-0.33468355687615825
9/9/2016,HRS,-0.01139404112633858,0.14071441131821555,-0.00424202816482156,-0.37032646783568235
9/9/2016,HRTX,-0.03079505942005572,-0.2255899078438344,-0.2813556988176649,0.009628776881442917
9/9/2016,HTZ,0.0636735031550051,-0.10434397999006467,-0.07846949947800894,-0.08723287427573713
9/9/2016,IART,-0.054661935534032834,-0.1415534055493017,0.387422775147126,-0.2823891485828718
9/9/2016,IBKR,-0.0019138868061375784,0.2547910939703822,-0.44820387661872146,-0.36016869168436766
9/9/2016,IDCC,-0.013538828105805546,-0.16710515926702663,-0.004264300336458374,-0.2822803152669648
9/9/2016,IDXX,-0.030511046532363743,0.09249755394594208,0.28802630959117587,-0.22795435174341538
9/9/2016,ILG,-0.020551008367441833,-0.1775745640737549,0.44905643423864977,-0.43196240241098155
9/9/2016,INSY,-0.03693561392291318,-0.21582888635454325,-0.5005191856724233,0.40815824084668656
9/9/2016,INVA,-0.04296843939940473,-0.20762521629708403,-0.11506066600301054,-0.06668151645530919
9/9/2016,IPG,-0.01235380881578042,0.06181690381052602,-0.053500301202718,-0.25434643085084924
9/9/2016,IR,-0.01600680216437028,0.31704637043436684,-0.05801549089239782,0.03865099445662796
9/9/2016,IRWD,-0.020178853549086835,-0.1827373125426166,0.5714486092631615,-0.00250613784218139
9/9/2016,ISIL,0.007037415930085261,-0.15964988552582576,0.07711093079059209,0.21604929938494638
9/9/2016,ITCI,-0.008318867100984135,-0.18727510355741267,1.2298225439950872,0.04928038164353944
9/9/2016,ITT,0.007096177217193939,-0.14297022803412637,-0.5520096410038156,-0.24741737640477385
9/9/2016,ITW,-0.014851163517899493,1.1833351252200204,0.0947069498537227,-0.33455658467426685
9/9/2016,IVR,-0.05106770347255166,-0.19103930643770967,0.24411310375270898,-0.12434503500000489
9/9/2016,JACK,-0.04839406490910654,-0.14090029622962555,0.5526492091710694,-0.26205545739425773
9/9/2016,JBHT,-0.022274672789296547,0.05498649676722151,-0.3075520875391187,-0.29370781343719393
9/9/2016,JBL,0.00925075774451235,-0.11321248436615676,-0.1334189599535739,-0.2208076306655261
9/9/2016,JBLU,-0.013558415201508437,-0.0679811349598439,-0.4316631144365692,-0.11893964697662665
9/9/2016,KATE,0.006067854692791975,-0.17037352977852321,-0.5047045605406277,0.0993255680747491
9/9/2016,KBH,0.007478125583400386,-0.2075173665522895,0.08371229657529469,-0.04406232563264938
9/9/2016,KEX,-0.005008647927194937,-0.14569705997368498,-0.4884844452346482,-0.14346342082765806
9/9/2016,KEY,-0.012148144310900028,0.211903232916125,-0.13768485461430136,-0.39847801888361184
9/9/2016,KEYS,-0.025702414537303122,-0.07604863236642509,-0.11137687454296964,-0.37627602243859537
9/9/2016,KFY,-0.012814105564798436,-0.20521543405393416,-0.684506397934775,0.04086393854673581
9/9/2016,KHC,-0.020208234192641172,3.0,0.03878370483112416,-0.2623456795700097
9/9/2016,KLAC,-0.003471060914517704,0.12684357000260224,-0.07426055899315649,-0.32757311357023794
9/9/2016,KMB,-0.04882498101457023,1.2923663477897331,-0.3046645624425108,-0.4168527103859009
9/9/2016,KMT,0.011375957628276423,-0.1771579339158289,0.04924925518541766,-0.14163139334322453
9/9/2016,KMX,0.013442396224931796,0.1179230344164928,0.11169607441332788,0.23473235194897174
9/9/2016,KNX,0.004226667696719887,-0.17300905403046377,0.01342508705640018,-0.29592075752730185
9/9/2016,KRA,-0.01075746051599451,-0.2148140229438057,1.53645749935664,0.09814654048575726
9/9/2016,KRNY,-0.05712011604474611,-0.20781218098720552,-0.12015898550531426,-0.49249186494122676
9/9/2016,KSS,-0.02117779542993446,0.017657370801844888,-0.4900187097770732,-0.2493763760910989
9/9/2016,L,-0.028464195031411264,0.23370655787391173,-0.1170129141377882,-0.44315409506341225
9/9/2016,LADR,-0.03657325265240964,-0.20144894830691562,-0.052017777373190154,-0.13816686612018675
9/9/2016,LAMR,-0.033899614088964525,-0.04625122127120217,0.09151070074878506,-0.31113928286828946
9/9/2016,LB,-0.0381598074043441,0.46181166533049983,-0.5449054445914625,-0.36365135779338986
9/9/2016,LBRDK,-0.03739591067193121,0.18848540806478595,0.007468250454335132,-0.1529863359695156
9/9/2016,LEA,-0.0030107641654996873,0.03104160197171328,-0.1910377383904827,-0.39936682429685194
9/9/2016,LEN,-0.018709821371369725,0.07727472146602292,-0.26022886096444625,-0.2250884077578659
9/9/2016,LGIH,-0.02746525315056363,-0.2249301488894418,0.6776380556639495,0.4629739542918172
9/9/2016,LII,-0.032078014188595315,-0.01493157440044517,0.1712518240770543,-0.23279743430127445
9/9/2016,LITE,-0.08349414040869373,-0.17481393593297612,0.1122431473815837,-0.07219573779459439
9/9/2016,LL,0.01053371251305196,-0.23637019092745506,0.25604531486250043,-0.23125562899259272
9/9/2016,LMT,-0.042155574927734606,2.264593634143127,0.09536811578237785,-0.4264300421857119
9/9/2016,LNC,0.027721388992342,0.13051647566714691,-0.09488176131459347,-0.30602411702066307
9/9/2016,LNG,0.019798408780521123,0.11899936767886098,0.14068593701719273,-0.16611888942228684
9/9/2016,LNT,-0.06129216742946266,0.04358232086921416,0.047773977842681496,-0.14955808651844688
9/9/2016,LOCK,-0.010600763750371348,-0.20076422093408386,0.6751331013685681,-0.24903173725739355
9/9/2016,LOCO,-0.007241576837324919,-0.23280314186260098,-0.24158353823384152,-0.41442209966397914
9/9/2016,LOW,-0.023724117871310752,1.939997303946216,0.00010106497397020099,-0.3351188901397861
9/9/2016,LPLA,0.00776213847109237,-0.1604291633740192,-0.10451922601168846,-0.22933290707823675
9/9/2016,LPNT,-0.04319369099998802,-0.16445077169434716,-0.4520185463020254,-0.2654292901873731
9/9/2016,LPX,-0.016045976355776065,-0.1550509911746984,0.38005600960560176,-0.21458599277284582
9/9/2016,LQ,-0.004156609264119027,-0.206900168750704,-0.2642214865930836,0.012530998638961356
9/9/2016,LTRPA,0.036153633692438146,-0.19607688818653896,-0.024200463408526027,-0.4886101433405458
9/9/2016,LULU,-0.04613175535542221,0.058773276989957275,0.28618011588615655,0.37287810760685225
9/9/2016,LUV,-0.01675111180108026,0.5571937778688286,-0.5771085396068878,-0.03256227191848231
9/9/2016,LVLT,-0.008289486457429775,0.3555597771443193,-0.30831382126304857,-0.3019247287881682
9/9/2016,LVS,-0.006007589808042562,1.2923398016101957,-0.31161858400524334,-0.0007829436736548003
9/9/2016,LXRX,-0.025496750032422716,-0.18650013662726375,0.49264310782361215,0.8342043948504025
9/9/2016,M,-0.028748207919103225,0.1308125990852748,-0.6320189767875625,0.01955074751495937
9/9/2016,MAC,-0.050597613175682184,0.1500078779667051,0.04257954793779982,-0.30381117293055526
9/9/2016,MANH,0.019279350744394408,-0.10427307847806462,-0.20097145363694666,-0.29719047954621614
9/9/2016,MAS,-0.015752169920232633,0.1321564187037166,0.18192471927586398,-0.1422662543526817
9/9/2016,MAT,-0.03425218181161662,0.12604454919695154,-0.16020712232162113,-0.31899342049957385
9/9/2016,MBFI,-0.010277576671273601,-0.15136681080142195,0.10377757826009595,-0.4505547605450845
9/9/2016,MCHP,0.017398989556916534,0.1885559046646458,0.07328533055979658,-0.23539129499705655
9/9/2016,MCRB,-0.023048363069560898,-0.23652544331762973,-1.4055401524913909,0.38920310499289384
9/9/2016,MDC,-0.021168001882083013,-0.20763926954084694,-0.03626779788496882,-0.09352706771235528
9/9/2016,MELI,0.017575273418242564,0.025042615686520258,0.4884853615799176,0.13505917346419577
9/9/2016,MENT,-0.037758271942434765,-0.16245868773942423,-0.06948604874755637,-0.3704353011515893
9/9/2016,MFS,0.007938422332418423,-0.17143952730945028,0.24834869895781309,-0.3811372438824388
9/9/2016,MHK,-0.028806969206211914,0.2756036931678587,0.0037499397822831934,-0.2229298803257115
9/9/2016,MHLD,-0.0286796530841431,-0.2164917275280721,-0.030303447815049133,-0.3141866157136839
9/9/2016,MIK,-0.024233382359586022,-0.07154269327645182,-0.31324962687412816,-0.22837154612105867
9/9/2016,MJN,-0.033174891547957414,0.24884418776391315,-0.0640964211990517,0.0031169168130107477
9/9/2016,MLM,-0.01661400213115999,0.13629744468981034,0.39747619536108597,-0.25879045791704947
9/9/2016,MNTA,-0.03065794975013546,-0.22274674045764628,0.4183618102983645,-0.1904431355274888
9/9/2016,MO,-0.04938321324210272,3.0,0.005915703039408027,-0.22603162982905933
9/9/2016,MOS,-0.01120796371716108,0.07895342436815224,-0.39827800014055414,0.4073964076353381
9/9/2016,MRC,0.02931773729212791,-0.2020566830325346,-0.3070428534052788,0.2947176478996822
9/9/2016,MRVL,-0.02266641470335445,-0.03134114851337861,0.08377993669695312,-0.16009677927543592
9/9/2016,MTB,-0.021403047030517743,0.38952570287308586,-0.17627411030795073,-0.49296347597682355
9/9/2016,MTCH,-0.012676995894878189,-0.11748144164482649,0.7833906051626274,-0.025161606436810105
9/9/2016,MTDR,0.031981582307721565,-0.17676135389008724,-0.10936090924756552,0.01719269233697554
9/9/2016,MTOR,0.03559540146490564,-0.21893177695370292,-0.13628124588497664,-0.11650903625470496
9/9/2016,MTSI,0.03498820149811591,-0.17252059036449077,-0.39986784824847693,-0.12581428476474862
9/9/2016,MTZ,0.04830742657608425,-0.17011567404826733,0.26144897345604584,-0.211302854409653
9/9/2016,MWA,-0.01998298259205789,-0.18382919652554214,0.32379250825832384,-0.3667712461827222
9/9/2016,MXIM,-0.010404892793342401,0.1274163042624461,0.12412035205532,-0.26990959502554224
9/9/2016,NATI,-0.02266641470335445,-0.13027796727752886,-0.30434183404198056,-0.3622728024585685
9/9/2016,NAVI,0.005235403125418958,-0.09374117059562377,0.1057501116171005,-0.23241651769560012
9/9/2016,NBIX,-0.007545176820719796,-0.10226061976312074,0.6887198200303439,-0.11264545354000843
9/9/2016,NBR,0.07724736047711106,-0.14982680077918129,-0.24645775935678446,0.12651575816550062
9/9/2016,NCLH,0.0017586936381551522,0.02228962153583322,-0.6225067022202896,-0.11895778586261123
9/9/2016,NCR,0.020376228103756517,-0.11323439150919104,0.09724886550337793,-0.2456397655782937
9/9/2016,NCS,-0.020286582575452742,-0.2149894720722844,0.2441367959144949,1.0396454175107437
9/9/2016,NFG,-0.02442925331661497,-0.0866576690303327,0.036185356831027915,0.14100872806710849
9/9/2016,NFLX,0.027936847045073838,1.192923716968775,-0.43191222631436077,-0.23629823929628108
9/9/2016,NI,-0.0440163490195096,0.011609013160521034,0.07151801308481175,-0.1920212186081394
9/9/2016,NKTR,-0.01947371810378262,-0.162179546196832,0.5632475255679485,0.061415296367163745
9/9/2016,NLS,-0.022842698564680505,-0.2256784684120184,-0.2565935385128246,-0.06094962848421011
9/9/2016,NNN,-0.06261429638940805,-0.0018855530769335594,0.1683399420330392,-0.08244420837583155
9/9/2016,NOC,-0.02927705950308139,1.0530532827639119,0.030936678953153274,-0.46272595304067765
9/9/2016,NPTN,0.011738318898779977,-0.22716204904064977,-0.24731226585294144,-0.1035034550038252
9/9/2016,NSAM,0.00882963518690012,-0.17072910895944637,-0.17190901650865453,0.031068940115110886
9/9/2016,NSC,-0.016525860200496973,0.6789801726736134,-0.06572952121469748,-0.24206640503934915
9/9/2016,NTAP,-0.007417860698650973,0.0821362362462974,-0.26533340393358834,-0.3634155522755914
9/9/2016,NTCT,-0.008309073553132689,-0.16072717870921602,0.3548896843373369,-0.22501585221392792
9/9/2016,NVRO,-0.003245809313934419,-0.15931661840007708,0.8311596597718058,0.05542946399228187
9/9/2016,NX,-0.000817009446775491,-0.2299899624091419,0.09228673474012673,0.02702396854056949
9/9/2016,NXTM,-0.02497769199629601,-0.20005897568573336,0.8374326726765359,-0.002070804578553598
9/9/2016,NYCB,-0.034085691498142015,0.007039419089608755,-0.34455299598592803,-0.30377489515858624
9/9/2016,O,-0.06630646392940369,0.3287737918826526,0.16626732251715912,-0.12409109059622203
9/9/2016,OA,-0.03458516243856584,-0.09762955933119977,-0.08558250012265263,-0.2576477081000266
9/9/2016,OAS,0.06481934825362444,-0.1864083402525799,-0.33130813208275783,0.24908021076270379
9/9/2016,ODFL,-0.013646557132171475,-0.05640731483757485,-0.23109313278941981,-0.2134069651838539
9/9/2016,OFC,-0.04112725240333264,-0.15913058221538057,0.18041181954153496,-0.16287202883106303
9/9/2016,OGE,-0.05428978071567783,-0.03372607752861194,0.11986953981844717,-0.1446968650746034
9/9/2016,OI,0.01801598307155771,-0.1527728437739587,0.11979763418708986,-0.06668151645530919
9/9/2016,OII,-0.0028344803041736332,-0.16396616865619384,-0.5830624751409892,0.0035703889626229877
9/9/2016,OIS,0.011268228601910492,-0.1978627078028642,-0.2605982956248434,-0.20849132708205698
9/9/2016,OKE,0.03062027915637039,0.10730304069044613,0.784041843955026,-0.07878015340696447
9/9/2016,OLLI,-0.027337937028494817,-0.1982953808590352,0.030914424746963348,0.35693402682648506
9/9/2016,OLN,0.018838641091079283,-0.13913980456579503,0.23479552562689804,0.1255543972083225
9/9/2016,OME,-0.03720983326275371,-0.2313079339724261,0.38522696370368015,-0.4193195988797916
9/9/2016,OMI,-0.03839485255277884,-0.1786322993026485,-0.41788201379706097,-0.30829147776872434
9/9/2016,ONCE,0.0581695292624917,-0.19015189959496986,1.1604240173477816,0.024212441212973425
9/9/2016,OPHT,-0.01395015711556633,-0.1858027871656474,0.9859795575311043,-0.040525242865673695
9/9/2016,ORI,-0.04106849111622395,-0.0805472586035212,-0.06139498310443255,-0.3956664915560158
9/9/2016,ORLY,-0.024008130759002724,0.670651398727316,-0.05172804085961401,-0.4809736723410752
9/9/2016,OSK,-0.006673551061940971,-0.111574021353272,0.5405147024929964,-0.2854183425422817
9/9/2016,OUT,-0.030520840080215193,-0.14951956671155078,0.06170390966527244,-0.18081138706972427
9/9/2016,OZRK,-0.0038432157328727044,-0.08668474927502041,-0.5463889645194998,-0.33413939029662354
9/9/2016,P,-0.054358335550637966,-0.14137395965874933,0.49543553297764037,0.007143749501567692
9/9/2016,PANW,-0.015810931207341332,0.2067432664729163,-0.5627211959049631,0.35934649866242235
9/9/2016,PAYC,0.04229418819529561,-0.14784420433457818,0.6040607806174108,-0.14828836449953253
9/9/2016,PAYX,-0.022304053432850905,0.4976031828215018,0.018195257453159752,-0.367170301674381
9/9/2016,PB,0.012521802726895763,-0.11903912817636063,-0.008144758318613308,-0.3250699473043782
9/9/2016,PBI,-0.0012968932914964,-0.13603326277612968,-0.39941411409729144,-0.2523148756205863
9/9/2016,PBYI,0.02678120839860305,-0.18441134150202404,0.3342733784038323,-0.2525688200243692
9/9/2016,PCAR,-0.010179641192759116,0.43532415965674237,-0.07095434441267474,-0.36960091239630277
9/9/2016,PCG,-0.061693702891372,0.8189766392727398,-0.002424175816851299,-0.27916042687763243
9/9/2016,PCLN,-0.004009706046347312,2.1881968640133937,-0.21528661923576953,-0.4175419880533115
9/9/2016,PCRX,-0.030383730410294935,-0.20055901774454327,-0.7369403371625606,0.3406634460983971
9/9/2016,PDCO,-0.02983529173061388,-0.0955253321665473,-0.009861565349634525,-0.2568314582307245
9/9/2016,PEG,-0.05510264518734796,0.47512434573269496,-0.18952508206396196,-0.1427015876163094
9/9/2016,PF,-0.051273367977432066,-0.045271703897807714,-0.014885104197091468,-0.242320349443132
9/9/2016,PFG,0.0012494291498799043,0.23436036880858946,0.060756975541990076,-0.4448954281179234
9/9/2016,PGR,-0.034399085029388335,0.38334541368649044,-0.35387438180367964,-0.41788662688701683
9/9/2016,PGRE,-0.04620031019038234,-0.11874788464764666,0.0332928150061203,-0.2105047434263354
9/9/2016,PII,-0.03638717524323214,-0.0703639381863411,-0.23263021879126222,-0.4032304070115484
9/9/2016,PLAB,-0.05168469698719285,-0.2271769260711807,-0.2664094647518202,-0.11230081470630308
9/9/2016,PLAY,-0.01360738294076569,-0.18901551018283985,0.1158017702409558,-0.047563130627656026
9/9/2016,PM,-0.04430036190720157,3.0,-0.1359694443399046,-0.2444970157612709
9/9/2016,PMT,-0.048736839083907205,-0.2158396688855874,0.3421895127104778,-0.29887739594277374
9/9/2016,PNM,-0.05999941911307162,-0.1636613605707827,-0.1554046062995244,-0.19087846879111658
9/9/2016,PNW,-0.06181122546558937,0.03576071334102119,-0.007745340619589799,-0.2109944933479166
9/9/2016,PODD,0.03395008542586248,-0.16917722384150735,0.02705839240769039,0.030524773535576144
9/9/2016,POR,-0.061840606109143714,-0.12069747726220051,0.030303488257008224,-0.21750635341634877
9/9/2016,PPC,-0.029688388512842175,-0.06118450666465001,-0.15716437988095394,0.039412827667976595
9/9/2016,PRAH,-0.04878580682316443,-0.14459043160386065,0.04932030916918372,-0.4269379309932776
9/9/2016,PRI,0.00028966146043806433,-0.15964546988912431,0.04936455231592521,-0.4041554901967574
9/9/2016,PRTA,0.05396809723422081,-0.1888316381837203,0.7783071414433187,0.24033726771817931
9/9/2016,PRU,0.003746783851998956,0.956596753314637,-0.1965009236458478,-0.4410137065172424
9/9/2016,PRXL,-0.034164039880953595,-0.12769302562751786,0.0004083352373291816,0.08978451404690697
9/9/2016,PSA,-0.05535727743148559,1.0718017829860798,-0.45103174285123765,-0.37614905023670386
9/9/2016,PSTG,-0.05666961284357953,-0.16762666515988972,-0.1950201533651478,-0.19111427430891492
9/9/2016,PTC,-0.0073786865072451874,-0.07782838528189091,0.21771965928489928,-0.43089220813789664
9/9/2016,PTEN,0.024881260115422264,-0.15241251734725372,0.03887090630877151,0.25410468218040755
9/9/2016,PTI,0.008242022315813278,-0.24056567759640754,0.10964650638452327,0.8282548402474899
9/9/2016,PTLA,0.004177699957462655,-0.20883299939890176,-0.41398359545858515,0.15185578188583398
9/9/2016,QVCA,-0.015096002214185672,0.07460766293585226,-0.07897658010389046,0.23146735247176345
9/9/2016,RAI,-0.04933424550284549,2.0979422062659117,-0.23454387880583702,-0.08003173653989425
9/9/2016,RARE,-0.0021097577631665246,-0.15979984962382432,0.03550525496753077,0.0689066562787582
9/9/2016,RCII,-0.008446183223052937,-0.22815151817707657,-0.8715828572351649,-0.031945549795009645
9/9/2016,RDC,0.020248911981687694,-0.19237652179951967,-0.359428239678222,0.4271677933584328
9/9/2016,RDUS,-0.034164039880953595,-0.17020367262632566,0.7728541943704181,-0.12566917367687278
9/9/2016,RES,0.01090586733140696,-0.13472792028287386,-0.04862611948110477,-0.03560960476387672
9/9/2016,RGLD,-0.08780330146333054,-0.07692029999502506,1.1443222893384253,0.3835800503377018
9/9/2016,RHI,-0.0032653964096373113,-0.08177359087010698,-0.546450022460706,-0.4286067085038508
9/9/2016,RL,-0.009170905764060044,0.03804165323927957,-0.20313993654848447,-0.29896809037269617
9/9/2016,RLJ,-0.018660853632112492,-0.15602566356489797,-0.07858024779125539,-0.2932906190595507
9/9/2016,RMD,-0.033302207670026236,0.07022838106146209,0.25812344535421294,-0.3844566600176006
9/9/2016,RNG,-0.013675937775725814,-0.19597830255226273,0.7239101273314235,-0.3023963398237649
9/9/2016,ROK,-0.006369951078546116,0.2569311977469063,-0.19543480163079377,-0.34212050012979944
9/9/2016,ROST,-0.027024543497248504,0.5901673337543707,-0.12993062622309698,-0.35300383172049377
9/9/2016,RPAI,-0.05213520018835942,-0.1134177748212448,0.07577172359851551,-0.19651966233229318
9/9/2016,RPT,-0.041518994317390534,-0.20028978607752054,0.09559753125523351,-0.1609311680307225
9/9/2016,RSG,-0.04981412934756641,0.341410956663206,-0.06337877191483131,-0.3951223249764811
9/9/2016,RSPP,0.0010829388364052965,-0.11504517256271167,0.2980762584469448,-0.23497410061941326
9/9/2016,RUTH,-0.03727838809771385,-0.2340107609051895,-0.43086150912760646,-0.060967767370194555
9/9/2016,RYAM,0.055172703619948804,-0.23502748132677703,0.6352072454580939,0.4736214803647134
9/9/2016,SAFM,-0.029257472407378495,-0.17832171423799553,-0.2827606487444283,-0.26793245645323277
9/9/2016,SAGE,0.01809433145436928,-0.20153207746742574,0.6630070882443067,0.6188595404425298
9/9/2016,SAIC,-0.02109944704712287,-0.14800713609292926,0.3953202567067144,0.050132909284810574
9/9/2016,SAVE,0.015792847709279155,-0.15745817988577773,-0.5071534926326995,-0.0677154329564252
9/9/2016,SBGI,0.017526305678985336,-0.15754244000778297,-0.510431947692651,-0.3573390254707871
9/9/2016,SBH,-0.06172308353492634,-0.11299221565250273,-0.4317678034479493,-0.040996853901270384
9/9/2016,SBNY,-0.006918389758227171,-0.031753753984255784,-0.5276656840774859,-0.3244169474089366
9/9/2016,SC,0.00012317114696345653,-0.09894527595273758,0.13707180215503867,-0.25550731955385664
9/9/2016,SCCO,-0.008769370302150706,0.4309957954839839,-0.39744164912865837,-0.2924018136463106
9/9/2016,SCG,-0.0638678705143933,0.09325263480313586,0.0025675891441223012,-0.12605009028254702
9/9/2016,SCHN,0.0040797644789481715,-0.23429427968764233,-0.13793300406476072,0.18758938727528052
9/9/2016,SCI,-0.02427255655099181,-0.0744037605717349,0.14382002100665398,-0.3493397767516267
9/9/2016,SCLN,-0.06024425780935779,-0.2336275359988311,0.0027506286781154746,-0.21910257538298397
9/9/2016,SCMP,-0.025986427424995084,-0.23173519307403267,0.06020078056296088,-0.006678081618614179
9/9/2016,SCOR,-0.0018257448754745622,-0.19207120757393328,-0.5408989101843097,-0.07696626480851539
9/9/2016,SCS,-0.01312749909604476,-0.19209623184232286,-0.25163935845527635,-0.2341215729781422
9/9/2016,SCSS,-0.0036963125151009894,-0.2113125312488252,0.2886201915076442,-0.17165124964755654
9/9/2016,SEAS,-0.03454598824716004,-0.21353132760542662,-0.6872209810685708,-0.1631803898927993
9/9/2016,SEIC,-0.01249091848570069,-0.0027077097245267728,-0.06043613648479053,-0.331382279626981
9/9/2016,SFL,0.0028163968061114763,-0.20349828195159403,-0.08103456015703438,-0.25053726479410615
9/9/2016,SFM,-0.017113473071583812,-0.14966935976907633,-0.6958845875864963,0.7592726568484718
9/9/2016,SGEN,0.00810491264589301,-0.004843345505020955,0.6552808925692517,0.0391951610361627
9/9/2016,SHAK,0.008643557777722619,-0.20765596169476502,0.0879410398224025,-0.036625382379008274
9/9/2016,SHEN,-0.011511563700555956,-0.20755868155307886,1.0416327756960517,-0.439707706726359
9/9/2016,SIX,-0.03627944621686622,-0.094591084668553,-0.13959334028724255,-0.25661379159891057
9/9/2016,SJM,-0.03784641387309779,0.30116389419057776,0.20241297044274045,-0.2754419552508119
9/9/2016,SNR,-0.03158833679602295,-0.21753203757244896,0.27426466264001703,-0.23227140660772413
9/9/2016,SONC,-0.027719885394701264,-0.20846511926640865,-0.55482817238708,-0.16180183455797806
9/9/2016,SPLK,0.05372325853793461,0.02887692770764643,0.42832170852971957,-0.18269783121211122
9/9/2016,SPN,0.045908007352479664,-0.16622676171940656,0.20816343158652004,0.17773997218570198
9/9/2016,SPNC,-0.005175138240669545,-0.21569206444799213,1.0347228953849832,-0.18055744266594137
9/9/2016,SPR,-0.023802466254122332,-0.046524435737810975,-0.39172506991621087,-0.4771463673983477
9/9/2016,SPXC,0.020807144209220193,-0.22306998251730278,-0.02714969052306978,0.047321381957214505
9/9/2016,SRC,-0.05673816767853966,-0.03388252371147582,0.3175005364043798,-0.059661767579311305
9/9/2016,SRCL,-0.049353832598548385,-0.007592116003210942,-0.7765401107026505,-0.40791023959554695
9/9/2016,SRG,-0.08406216618407766,-0.1980199323944114,-0.03891810997078348,0.100577151207679
9/9/2016,SRPT,-0.012020828188831205,-0.20577164021908914,0.6290371981019293,0.19890805212960272
9/9/2016,SSTK,-0.009121938024802814,-0.1776958422409925,0.9212137230283756,-0.2612392075249557
9/9/2016,SSYS,0.005303957960379082,-0.21178411426729754,-0.5695428423658965,0.2634462084624203
9/9/2016,STAY,-0.02101130511645985,-0.15404354882611682,-0.3583541901053268,-0.23622568375234315
9/9/2016,STOR,-0.056150554807452825,-0.0983243082795018,0.258312366274492,-0.20014743952919128
9/9/2016,STR,-0.060587031984158456,-0.09793385778581372,-0.16559437070722893,-0.6505541174100782
9/9/2016,STS,-0.034320736646576755,-0.2409312713715572,1.9286301104859087,0.29257725935351225
9/9/2016,STX,0.016243350910445747,0.12666902494519522,-0.4278254856796327,-0.10535362137424319
9/9/2016,SUNS,-0.050049174496001145,-0.2425347374092887,0.2948723735923875,-0.2205899640337122
9/9/2016,SUPN,-0.03717065907134793,-0.21371543347621336,0.9936971583163625,-0.059607350921357834
9/9/2016,SWC,-0.00772146068204585,-0.19885250505774943,0.6355866321583823,0.20598221766355407
9/9/2016,SWFT,0.01372640911262378,-0.15510710990295878,-0.0826549967638542,-0.17444463808916802
9/9/2016,SWK,-0.02333237595725287,0.37735703540124665,0.20073242553154955,-0.43363117992155464
9/9/2016,SYNA,0.008330164246476316,-0.18127310486552134,-1.0275732768438182,0.3713544411841551
9/9/2016,TAP,-0.046846684348577874,0.5092212465763328,-0.019634901123600276,-0.19022546889567482
9/9/2016,TASR,0.015743879970021923,-0.20534158861996388,0.8686251275035435,0.16676594616508522
9/9/2016,TCB,-0.017162440810841065,-0.1642856722597972,-0.0357928019407019,-0.4051349900399199
9/9/2016,TDS,-0.002589641607887456,-0.1479045641684451,0.028594008379397583,-0.1224948686295869
9/9/2016,TECD,-0.012579060416363705,-0.16519807544595136,-0.22401839061983284,-0.07471704294643851
9/9/2016,TER,0.002405067796350691,-0.10798676158762621,-0.368758013934128,-0.1636882787003651
9/9/2016,TERP,0.0017195194467493672,-0.18714286832803598,0.5209142151249233,-0.06561132218222417
9/9/2016,TGI,0.00551941601311092,-0.19686005807814905,-0.3690864170758329,0.006200527430374187
9/9/2016,TGT,-0.04121539433399567,1.1333620347426325,-0.3995034661078041,-0.4583907592903844
9/9/2016,THC,0.0034235967729012084,-0.16916534525518712,-0.040157097123652896,0.004404777717909675
9/9/2016,THG,-0.03881597511039107,-0.13871796989061852,-0.3110057589728777,-0.43930865123470025
9/9/2016,THS,-0.04764975527239655,-0.07531254747360232,0.20355299621147913,-0.2533306532357178
9/9/2016,TIF,-0.022607653416245762,0.042046956864720174,-0.43630034066449547,-0.4185033490104895
9/9/2016,TIVO,0.013775376851881013,-0.152681110230469,-0.49604991530000947,0.0673648509700766
9/9/2016,TJX,-0.03936441379007212,1.4623569883498726,-0.11515415837830263,-0.4299852638386721
9/9/2016,TPH,-0.007535383272868349,-0.1793854393740668,0.05161471045604354,-0.13898311598948881
9/9/2016,TPX,-0.013254815218113582,-0.09400995546304353,0.19037759317376163,-0.10934417629083117
9/9/2016,TREE,0.003697816112741725,-0.2094456070326909,-0.05071496427654888,-0.04897796373444635
9/9/2016,TRGP,0.06636672881415312,0.019364400100679698,0.43953105606137755,0.02361385797548521
9/9/2016,TRMK,-0.023812259801973778,-0.18422458973983835,0.04338612417536177,-0.40700329529632245
9/9/2016,TRN,0.009015712596077618,-0.12440080369658961,0.24266596508586508,-0.37741877225561826
9/9/2016,TRTN,0.05081457482605477,-0.21667000406028855,0.4354894648808194,0.1262618137617178
9/9/2016,TRV,-0.03586811720710542,0.9003717181643234,-0.20477067870592316,-0.3914038533496605
9/9/2016,TSCO,-2.3732070808258775e-05,0.06801301947680871,-0.16463560607156008,1.1128902391161166
9/9/2016,TSN,-0.04466272317770512,0.7560911135718916,-0.018355984499813315,-0.28654295347332015
9/9/2016,TTC,-0.03709231068853634,-0.07061920387514836,-0.06113730476085424,-0.3879756038985918
9/9/2016,TTMI,0.012913544640953655,-0.21482281232974584,0.8135425717438602,-0.06602851655986751
9/9/2016,TWOU,-0.03012909816615731,-0.19536572633407068,0.9523422592392459,-0.06766101629847172
9/9/2016,TXN,0.0029045387367744925,2.083450920870347,0.2733790722847492,-0.33896433396849807
9/9/2016,TXRH,-0.050352774479396005,-0.14642191553586062,0.02046055719875616,-0.3506639154284945
9/9/2016,UBNT,-0.027337937028494817,-0.10555171073255393,0.5231353816627957,-0.16758813918703055
9/9/2016,UDR,-0.055132025830902306,0.07029849020229122,-0.22457819070048868,-0.21585571479176016
9/9/2016,UE,-0.03412486568954781,-0.15490681801842926,0.17432549508817974,-0.19281932959145706
9/9/2016,UGI,-0.044359123194310256,0.023334176176438508,0.07564560827951916,-0.19401649606643342
9/9/2016,ULTA,-0.033341381861432026,0.26852090368943493,0.5452696417101706,-0.23847490561441992
9/9/2016,UMPQ,-0.022597859868394316,-0.13100422956032956,-0.28204221117288697,-0.3166716430935591
9/9/2016,UTHR,-0.01579134411163844,-0.06920150524422723,-0.2561110400844828,-0.23905534996592367
9/9/2016,V,-0.023959163019745485,3.0,-0.09938655010646623,-0.42378176483197627
9/9/2016,VEEV,0.0008674807836734575,-0.059445527703579255,0.7679963839069616,0.2722072903929293
9/9/2016,VGR,-0.0418225943007854,-0.1528542730016043,-0.26054866926896525,-0.24904987614337798
9/9/2016,VMC,-0.026495691913270353,0.24984274997038525,0.15064866094595056,-0.247090876457053
9/9/2016,VNDA,-0.02767091765544402,-0.22728387523552543,0.7776588522651338,-0.10324951060004228
9/9/2016,VNTV,-0.032293472241327156,0.10290741223370573,-0.08490188805380199,-0.22109785284127798
9/9/2016,VOYA,0.00218960974361883,-0.047198471335767975,-0.6139960591016651,-0.306205505880508
9/9/2016,VR,-0.051126464759660345,-0.11091809161110194,-0.0592175345252445,-0.4120640444859954
9/9/2016,VRTU,-0.03545678819734464,-0.2244418073952353,-0.7110131307443553,-0.24990240378464906
9/9/2016,VSH,-0.001639667466297062,-0.18101606245016777,-0.07284611864782287,-0.3177418373666441
9/9/2016,VSI,-0.0221375631193763,-0.22851249385945466,-0.4035680083337834,-0.1988595786242925
9/9/2016,WATT,0.04765125887003729,-0.24184252614310678,0.5139836010871379,1.6649290951681042
9/9/2016,WBMD,-0.03155895615246861,-0.180981735674419,-0.16580804619981823,-0.3494123322955647
9/9/2016,WBS,-0.013235228122410691,-0.12891199966314185,-0.26418553439872683,-0.42267529278692234
9/9/2016,WCC,0.005989506309980405,-0.16583160586739942,-0.15431733706257741,-0.02819080039622007
9/9/2016,WEC,-0.07109550882876142,0.39978405420797186,0.025401826077738967,-0.20061905056478804
9/9/2016,WERN,-0.013920776472011991,-0.19293663397057892,-0.4091124149733755,-0.3039562840184311
9/9/2016,WFM,-0.042929265207998946,0.06705184532149022,-0.39452575349906255,-0.09635673392593579
9/9/2016,WING,-0.029228091763824147,-0.22167398857334583,0.3194541573359432,-0.060224073044830496
9/9/2016,WMS,-0.010708492776737279,-0.20721937914206784,0.22111003350581024,-0.261511290814723
9/9/2016,WNC,-0.007055499428147418,-0.2216312703425533,0.007726861449575147,-0.18643444172491636
9/9/2016,WNR,-0.017593356916304724,-0.1513000910544562,-0.7904160176470856,-0.03132882767153685
9/9/2016,WOOF,-0.016898015018851974,-0.056900089421592324,0.3725948759346193,-0.1935086072588677
9/9/2016,WOR,-0.0004742352719748292,-0.1601836644452836,0.24310061682130613,-0.07390079307713653
9/9/2016,WPG,-0.030569807819472432,-0.1674331031943803,0.7029568271294887,-0.1310020061563129
9/9/2016,WRK,0.014852667115540228,0.1569067116710838,0.2349488880114971,-0.22213176934239387
9/9/2016,WTW,0.09089956618202863,-0.22841177894582043,-0.49328112707340205,0.076180349558539
9/9/2016,WU,-0.014332105481772777,0.10205099513217983,-0.1108460568333488,-0.3288428355891523
9/9/2016,WWW,-0.028189975691570737,-0.17297448291118211,0.3924919201198928,-0.29374409120916295
9/9/2016,WYNN,0.013413015581377459,0.09844773784637373,-0.1254676290479478,-0.1800132760864067
9/9/2016,X,0.054594884296713435,-0.15275675549762902,1.3569967777306897,0.32040231045372086
9/9/2016,XEC,-0.0036669318715466504,0.18183830753985336,0.23471963364287893,-0.22418146345864134
9/9/2016,XEL,-0.07313256678186247,0.4718420232054706,-0.05719702675007312,-0.2327611565293054
9/9/2016,XHR,-0.0017963642319202234,-0.19085426857087606,0.2242633468176021,-0.23325090645088667
9/9/2016,XON,0.010073415764033922,-0.14630668312575099,-0.9068796611414686,0.25932868134394094
9/9/2016,XPO,0.04810176207120386,-0.12452568418562637,-0.36865714909368746,0.1742210283047109
9/9/2016,XTLY,0.02204113123850255,-0.2359100012988591,1.7879020385766735,0.11004564969158309
9/9/2016,YELP,-0.007936918734777688,-0.15027571569904546,0.935815121108338,-0.16920250003965026
9/9/2016,ZBRA,0.01807474435866639,-0.12943042333686866,-0.6863861482603539,-0.3463468605641858
9/9/2016,ZEN,0.0021210549086587063,-0.15304840044786133,0.8420127536369535,-0.2624726517719011
9/9/2016,ZION,-0.003255602861785865,-0.03234603223610872,0.0035211050242719604,-0.393272158606063
9/9/2016,ZOES,-0.02373391141916221,-0.23386239900264227,-0.45562197398449905,-0.25859093017122003
9/9/2016,ZUMZ,-0.06648274779072974,-0.23614354833821458,-0.5201920615613577,0.10190128988454683
